,Unnamed: 0,#,Compound,Functional Group,Molecular Mass (g/mol),bp (°C),mp (°C),density (g/mL),refractive index,canonical_smiles
0,0,1.0,acenaphthene,aromatic,154.2,279,93.6,1.024,1.6048,C1CC2=CC=CC3=C2C1=CC=C3
1,1,2.0,acenaphthylene,aromatic,152.19,280,92.5,0.899,,C1=CC2=C3C(=C1)C=CC3=CC=C2
2,2,3.0,acetaldehyde,aldehyde,44.05,20.2,-123.5,0.784,1.3316,CC=O
3,3,4.0,acetamide,amide,59.07.,221,80,1.159,1.4274,CC(=O)N
4,4,5.0,acetoaminophen,"amide (arom.), phenol",151.16,420,168,1.293,,
5,5,6.0,acetanlide,amide (arom.),135.18,304,113.7,1.207,1.576,
6,6,7.0,acetic acid,carboxylic acid,60.05,118,16.6,1.049,1.3717,CC(=O)O
7,7,8.0,acetic anhydride,acid anhydride,102.1,139.8,-73.1,1.081,1.3901,CC(=O)OC(=O)C
8,8,9.0,1-acetonaphthone,ketone (arom.),170.2,302,10.5,1.119,1.628,CC(=O)C1=CC=CC2=CC=CC=C21
9,9,10.0,2-acetonaphthone,ketone (arom.),170.2,301,56,1.117,1.6279,CC(=O)C1=CC2=CC=CC=C2C=C1
10,10,11.0,acetone,ketone,58.08,56.3,-95,0.790,1.3487,CC(=O)C
11,11,12.0,acetonitrile,nitrile,41.05,81.5,-48,0.786,1.344,CC#N
12,12,13.0,acetophenone,ketone (arom.),120.13,202,19.5,1.028,1.533,CC(=O)C1=CC=CC=C1
13,13,14.0,9-acetylanthracene,ketone (arom.),220.27,374,75.5,1.26,,CC(=O)C1=C2C=CC=CC2=CC3=CC=CC=C31
14,14,15.0,4-acetylbiphenyl,ketone (arom.),196.23,325,117,1.251,,CC(=O)C1=CC=C(C=C1)C2=CC=CC=C2
15,15,16.0,acetyl chloride,acid chloride,78.5,52,-112,1.104,1.389,CC(=O)Cl
16,16,17.0,acetylene,alkyne,26.04,-75,-81,0.618,1.0006,C#C
17,17,18.0,acetylsalicylic acid,carbocylic acid,180.18,140 (d),136,1.39,1.5623,CC(=O)OC1=CC=CC=C1C(=O)O
18,18,19.0,acridine,aromatic (nitrogen heterocycle),179.21,346,108,1.101,1.6877,C1=CC=C2C(=C1)C=C3C=CC=CC3=N2
19,19,20.0,acrolein,aldenyde (unsat.),56.07,53,-87,0.839,1.403,C=CC=O
20,20,21.0,acrylamide,amide (unsat.),71.08,>175 (d),84,1.122,,C=CC(=O)N
21,21,22.0,adamantane,alkane,136.24,,268,1.07,,C1C2CC3CC1CC(C2)C3
22,22,22.1,adenine,purine,135.13,,360,0.9917,,C1=NC2=NC=NC(=C2N1)N
23,23,23.0,adenosine,nucleoside,267.23,676,235,0.992,,C1=NC(=C2C(=N1)N(C=N2)C3C(C(C(O3)CO)O)O)N
24,24,24.0,adipamide,amide,144.17,371,227.5,1.243,,C(CCC(=O)N)CC(=O)N
25,25,25.0,adipic acid,carboxylic acid,146.12,265,152.6,1.398,1.439,C(CCC(=O)O)CC(=O)O
26,26,26.0,adipic acid monomethyl ester,"acid, ester",174.2,162,8,1.081,1.441,COC(=O)CCCCC(=O)O
27,27,27.0,adipoyl chloride,acid chloride,183.02,106,,1.259,1.471,C(CCC(=O)Cl)CC(=O)Cl
28,28,28.0,L-alanine,amino acid,89.1,,300 (d),,,CC(C(=O)O)N
29,29,29.0,aldol,"aldehydride, alcohol",88.11,162,94,1.108,1.4238,CC(CC=O)O
30,30,30.0,allyl acetate,ester (unsat.),100.12,103.5,-96,0.928,1.404,CC(=O)OCC=C
31,31,31.0,allyl alcohol,alcohol (unsat.),58.08,97,-129,0.854,1.412,C=CCO
32,32,32.0,allyl amine,amine (unsat.),57.1,53,-88,0.761,1.42,C=CCN
33,33,33.0,allyl benzene,"aromatic, alkene",118.8,156.5,-40,0.892,1.511,C=CCC1=CC=CC=C1
34,34,34.0,allyl ether,ether (unsat.),98.15,94.5,-6,0.803,1.416,C=CCOCC=C
35,35,35.0,aluminum,element,26.981,2519,660.32,2.7,,[Al]
36,36,36.0,aluminium chloride,inorganic cmpd.,133.32,,190,,,[Al](Cl)(Cl)Cl
37,37,37.0,aluminum oxide,inorganic cmpd.,101.96,,2040,,,[O-2].[O-2].[O-2].[Al+3].[Al+3]
38,38,38.0,2-aminoacetophenone,"ketone, amine, arom.",135.17,87.5,20,1.112,1.614,C1=CC=C(C=C1)C(=O)CN
39,39,39.0,3-aminoacetophenone,"ketone, amine, arom.",135.17,289.5,96,,,CC(=O)C1=CC(=CC=C1)N
40,40,40.0,4-aminoacetophenone,"ketone, amine, arom.",135.17,293,105,1.13,,CC(=O)C1=CC=C(C=C1)N
41,41,41.0,a-aminoacetophenone,"ketone, amine, arom.",135.17,251,20,1.118,1.571,
42,42,42.0,3-aminobenzoic acid,"carboxylic acid, amine, arom.",137.12,398,179,1.5105,,C1=CC(=CC(=C1)N)C(=O)O
43,43,43.0,4-aminobenzoic acid,"carboxylic acid, amine, arom",137.12,340,188,1.374,,C1=CC(=CC=C1C(=O)O)N
44,44,44.0,2-aminobenzonitrile,"nitrile, amine, arom.",118.14,267.5,46.5,1.26,,C1=CC=C(C(=C1)C#N)N
45,45,45.0,3-aminobenzonitrile,"nitrile, amine, arom.",118.14,289,50.5,1.14,,C1=CC(=CC(=C1)N)C#N
46,46,46.0,4-aminobenzonitrile,"nitrile, amine, arom.",118.14,,84,1.274,,C1=CC(=CC=C1C#N)N
47,47,47.0,2-aminobenzophenone,"ketone, amine, arom.",197.24,384,105,1.32,,C1=CC=C(C=C1)C(=O)C2=CC=CC=C2N
48,48,48.0,4-aminobenzophenone,"ketone, amine, arom.",197.24,246,122.5,,,C1=CC=C(C=C1)C(=O)C2=CC=C(C=C2)N
49,49,49.0,(S)-(-)-2-aminobutan-1-ol,"alcohol, amine",89.13,173,-2,0.944,1.452,
50,50,50.0,(R)-(+)-2-aminobutan-1-ol,"alcohol, amine",89.13,173,-2,0.943,1.452,
51,51,51.0,2-aminobutan-1-ol,"alcohol, amine",89.13,176,-1,0.943,1.451,CCC(CO)N
52,52,52.0,2-aminoheptane,amine,115.21,143,,0.766,1.419,CCCCCC(C)N
53,53,53.0,3-aminoheptane,amine,115.21,158.5,-36.24,,,CCCCC(CC)N
54,54,54.0,2-aminophenol,"phenol, amine",109.13,233,172.,1.328,,C1=CC=C(C(=C1)N)O
55,55,55.0,3-aminophenol,"phenol, amine",109.13,164,122,1.275,,C1=CC(=CC(=C1)O)N
56,56,56.0,4-aminophenol,"phenol, amine",109.13,284,187,,,C1=CC(=CC=C1N)O
57,57,57.0,2-aminopyridine,"amine, arom.",94.12,207,56,1.24,1.5655,C1=CC=NC(=C1)N
58,58,58.0,3-aminopyridine,"amine, arom.",94.12,248,61.5,,,C1=CC(=CN=C1)N
59,59,59.0,4-aminopyridine,"amine, arom.",94.12,273,156.5,1.25,,C1=CN=CC=C1N
60,60,60.0,ammonia,inorganic,17.03,-33.33,-77.73,,1.355,N
61,61,61.0,ammonium chloride,inorganic,53.49,,340,,1.5256,[NH4+].[Cl-]
62,62,62.0,sec-amyl acetate,ester,130.19,-70.8,134,0.9222,1.398,CCCC(C)OC(=O)C
63,63,63.0,tert-amyl acetate,ester,130.19,124,-11.9,0.874,1.402,CCC(C)(C)OC(=O)C
64,64,64.0,di-tert-amylamine,amine,157.3,173,,0.782,1.43,CCC(C)(C)NC(C)(C)CC
65,65,65.0,tert-amylamine,amine,87.16,77,-105,0.746,1.4,CCC(C)(C)N
66,66,66.0,n-amyl butyrate,ester,158.24,186,-73.2,0.863,1.41,CCCCCOC(=O)CCC
67,67,67.0,di-isoamyl ether,ether,158.29,176,-78.46,0.775,1.407,CC(C)CCOCCC(C)C
68,68,68.0,tert-amyl methyl ether,ether,102.19,85.5,,0.77,1.389,CCC(C)(C)OC
69,69,69.0,androsterone,"steroid, ketone, alcohol",290.44,,182.5,,,CC12CCC(CC1CCC3C2CCC4(C3CCC4=O)C)O
70,70,70.0,trans-anethole,"ether (arom.), alkene",148.2,234.5,21.3,0.988,1.5558,CC=CC1=CC=C(C=C1)OC
71,71,71.0,o-anisaldehyde,aldehyde (arom.),238,238,37,1.127,1.5525,COC1=CC=CC=C1C=O
72,72,72.0,m-anisaldehyde,aldehyde (arom.),136.15,143,,1.117,1.553,COC1=CC=CC(=C1)C=O
73,73,73.0,p-anisaldehyde,aldehyde (arom.),136.15,248,-1,1.119,1.573,COC1=CC=C(C=C1)C=O
74,74,74.0,o-anisic acid,carboxylic acid (arom.),152.15,280,99,1.38,,COC1=CC=CC=C1C(=O)O
75,75,75.0,m-anisic acid,carboxylic acid (arom.),152.15,171,106,1.14,,COC1=CC=CC(=C1)C(=O)O
76,76,76.0,p-anisic acid,carboxylic acid (arom.),152.15,275,183.5,,,COC1=CC=C(C=C1)C(=O)O
77,77,77.0,o-anisidine,"amine (arom.), ether",123.15,225,4.5,1.092,1.574,COC1=CC=CC=C1N
78,78,78.0,m-anisidine,"amine (arom.), ether",123.15,251,0,1.096,1.581,COC1=CC=CC(=C1)N
79,79,79.0,p-anisidine,"amine (arom.), ether",123.15,241.5,57.5,1.2,1.5559,COC1=CC=C(C=C1)N
80,80,80.0,anisole,ether (arom.),108.12,154,-37,0.995,1.516,COC1=CC=CC=C1
81,81,81.0,anthracene,aromatic hydrocarbon,178.23,340,212.5,1.24,1.53,C1=CC=C2C=C3C=CC=CC3=CC2=C1
82,82,82.0,9-anthracenecarboxaldehyde,aldenyde (arom.),206.24,369,104,,,C1=CC=C2C(=C1)C=C3C=CC=CC3=C2C=O
83,83,83.0,anthranil,isoxazole,119.12,101.5,-18,1.183,1.584,C1=CC2=CON=C2C=C1
84,84,84.0,anthranilic acid,"carboxylic acid, amine (arom.)",137.14,312,146,1.362,1.578,C1=CC=C(C(=C1)C(=O)O)N
85,85,85.0,anthrone,ketone (arom.),194.23,343,154,,,C1C2=CC=CC=C2C(=O)C3=CC=CC=C31
86,86,86.0,D-arabinose,carbohydrate,150.13,331,160,1.585,,
87,87,87.0,L-(+)arginine,amino acid,174.2,368,222,1.3,,
88,88,88.0,ascaridole,"dioxa, alkene",168.23,172,107 (d),1.05,,CC(C)C12CCC(C=C1)(OO2)C
89,89,89.0,L-ascorbic acid,vitamin,176.12,553,192,1.694,,C(C(C1C(=C(C(=O)O1)O)O)O)O
90,90,90.0,D-(-)aspartic acid,"carboxylic acid (di), amine",133.1,,300,,,
91,91,91.0,azelaic acid,carboxylic acid (di),188.21,,110,1.2087,,C(CCCC(=O)O)CCCC(=O)O
92,92,92.0,azobenzene,azo (arom.),182.21,293,66.5,1.09,,C1=CC=C(C=C1)N=NC2=CC=CC=C2
93,93,93.0,azomethane,azo,58.08,1.5,-77.9,,,CN=NC
94,94,94.0,azulene,aromatic hydrocarbon,128.19,242,99,,,C1=CC=C2C=CC=C2C=C1
95,95,95.0,barbituric acid,pyrimidine,128.1,441,252,,,C1C(=O)NC(=O)NC1=O
96,96,96.0,benz[a}anthracene,aromatic hydrocarbon,228.3,431.7,169,,,C1=CC=C2C(=C1)C=CC3=CC4=CC=CC=C4C=C32
97,97,97.0,benzalacetone,"ketone, alkene, arom.",146.19,261,40.5,1.038,,CC(=O)C=CC1=CC=CC=C1
98,98,98.0,benzaldehyde,aldehyde (arom.),106.11,178.5,-26,1.045,1.545,C1=CC=C(C=C1)C=O
99,99,99.0,benzamide,amide (arom.),121.12,288,126.5,1.35,,C1=CC=C(C=C1)C(=O)N
100,100,100.0,benzanilide,amide (arom.),197.22,,162,1.314,,C1=CC=C(C=C1)C(=O)NC2=CC=CC=C2
101,101,101.0,benzanthrone,ketone (arom.),230.27,436,169,1.371,,C1=CC=C2C(=C1)C3=CC=CC4=C3C(=CC=C4)C2=O
102,102,102.0,benz[b}anthracene,aromatic hydrocarbon,228.3,431.7,169,,,
103,103,103.0,benzene,aromatic hydrocarbon,78.12,80,5.5,0.874,1.501,C1=CC=CC=C1
104,104,104.0,benzeneacetaldehyde,aldehyde (arom.),120.13,195,-10,1.027,1.535,C1=CC=C(C=C1)CC=O
105,105,105.0,benzeneacetamide,amide (arom.),135.16,,157,,,C1=CC=C(C=C1)CC(=O)N
106,106,106.0,benzene-d6,aromatic hydrocarbon,84.15,79.1,6.8,0.95,1.497,C1=CC=CC=C1
107,107,107.0,benzidine,amine (arom.),184.24,359,126,1.251,,C1=CC(=CC=C1C2=CC=C(C=C2)N)N
108,108,108.0,benzilic acid,"carboxylic acid, alcohol, aromatic",228.23,409,150,,,C1=CC=C(C=C1)C(C2=CC=CC=C2)(C(=O)O)O
109,109,109.0,benzoic acid,carboxylic acid (arom.),122.12,249,123,1.316,1.504,C1=CC=C(C=C1)C(=O)O
110,110,110.0,benzoic anhydride,anhydride (arom.),226.21,360,40,1.199,1.5766,C1=CC=C(C=C1)C(=O)OC(=O)C2=CC=CC=C2
111,111,111.0,benzoin,"ketone, alcohol (arom.)",212.27,,136,,,C1=CC=C(C=C1)C(C(=O)C2=CC=CC=C2)O
112,112,112.0,benzonitrile,nitrile (arom.),103.11,191,-13,1.023,1.528,C1=CC=C(C=C1)C#N
113,113,113.0,benzophenone,ketone (arom.),182.22,305,49,1.085,1.5975,C1=CC=C(C=C1)C(=O)C2=CC=CC=C2
114,114,114.0,benzopinacol,alcohol (arom.),366.45,508,172,1.24,,C1=CC=C(C=C1)C(C2=CC=CC=C2)(C(C3=CC=CC=C3)(C4=CC=CC=C4)O)O
115,115,115.0,p-benzoquinone,quinone,108.1,174,114,1.318,,C1=CC(=O)C=CC1=O
116,116,116.0,benzoyl peroxide,peroxide (arom.),242.23,350,105,1.334,1.543,C1=CC=C(C=C1)C(=O)OOC(=O)C2=CC=CC=C2
117,117,117.0,N-benzylacetamide,amide (arom.),149.19,262.9,47.05,,,CC(=O)NCC1=CC=CC=C1
118,118,118.0,benzyl acetate,ester (arom.),150.18,206,-51,1.054,1.502,CC(=O)OCC1=CC=CC=C1
119,119,119.0,benzyl alcohol,alcohol (arom.),108.14,204,-14.5,1.045,1.539,C1=CC=C(C=C1)CO
120,120,120.0,benzylamine,amine (arom.),107.16,184.5,10,0.981,1.543,C1=CC=C(C=C1)CN
121,121,121.0,N-benzylaniline,amine (arom.),183.25,306.5,36.5,1.061,1.615,C1=CC=C(C=C1)CNC2=CC=CC=C2
122,122,122.0,2-benzylaniline,amine (arom.),183.25,,51.5,,,C1=CC=C(C=C1)CC2=CC=CC=C2N
123,123,123.0,benzyl benzoate,ester (arom.),212.25,323.5,18.5,1.118,1.568,C1=CC=C(C=C1)COC(=O)C2=CC=CC=C2
124,124,124.0,benzyl butyrate,ester (arom.),178.23,240,,1.009,1.494,CCCC(=O)OCC1=CC=CC=C1
125,125,125.0,benzyl chloride,acid chloride (arom.),126.59,179,-39,1.1,1.538,C1=CC=C(C=C1)CCl
126,126,126.0,benzyl cinnamate,ester (arom.),238.29,350,35.5,1.11,1.40,C1=CC=C(C=C1)COC(=O)C=CC2=CC=CC=C2
127,127,127.0,benzyl cyanide,nitrile (arom._,117.13,233.5,-24,1.015,1.524,C1=CC=C(C=C1)CC#N
128,128,128.0,benzyl ether,ether (arom.),198.28,298,2.5,1.043,1.561,C1=CC=C(C=C1)COCC2=CC=CC=C2
129,129,129.0,1-benzylnaphthalene,aromatic hydrocarbon,218.3,392.5,59.5,1.166,,C1=CC=C(C=C1)CC2=CC=CC3=CC=CC=C32
130,130,130.0,2-benzylnaphthalene,aromatic hydrocarbon,218.3,294,58,1.176,,C1=CC=C(C=C1)CC2=CC3=CC=CC=C3C=C2
131,131,131.0,2-benzylphenol,phenol (arom.),184.24,312,50,1.1102,1.5994,C1=CC=C(C=C1)CC2=CC=CC=C2O
132,132,132.0,4-benzylphenol,phenol (arom.),184.24,,80,,,C1=CC=C(C=C1)CC2=CC=C(C=C2)O
133,133,133.0,benzyl phenyl ether,ether (arom.),184.24,286.5,40,,,C1=CC=C(C=C1)COC2=CC=CC=C2
134,134,134.0,benzyl propanoate,ester (arom.),164.2,222,,1.03,1.497,CCC(=O)OCC1=CC=CC=C1
135,135,135.0,bicyclo[4.1.0]heptane,alkane,96.17,116,,0.914,1.4546,C1CCC2CC2C1
136,136,136.0,bicyclo[2.2.1]hept-2-ene,alkene,94.16,96,45,0.955,1.4995,C1CC2CC1C=C2
137,137,137.0,bicyclohexyl,alkane,166.31,227,3.5,0.864,1.478,C1CCC(CC1)C2CCCCC2
138,138,139.0,bicyclopentyl,alkane,138.21,189,,0.879,1.463,C1CCC(C1)C2CCCC2
139,139,140.0,bilirubin,biladienes,584.67,,360,1.31,,CC1=C(NC(=C1CCC(=O)O)CC2=C(C(=C(N2)C=C3C(=C(C(=O)N3)C)C=C)C)CCC(=O)O)C=C4C(=C(C(=O)N4)C=C)C
140,140,141.0,biphenyl,aromatic hydrocarbon,154.2,255,69,1.175,1.588,C1=CC=C(C=C1)C2=CC=CC=C2
141,141,142.0,4-biphenylacetic acid,carboxylic acid (arom.),212.25,365,159.5,,,C1=CC=C(C=C1)C2=CC=C(C=C2)CC(=O)O
142,142,143.0,biphenyl-4-carboxaldehyde,aldehyde (arom.),182.21,184,58,,,C1=CC=C(C=C1)C2=CC=C(C=C2)C=O
143,143,144.0,biphenyl-4-carboxylic acid,carboxylic acid (arom.),198.22,373,222.5,1.284,,C1=CC=C(C=C1)C2=CC=C(C=C2)C(=O)O
144,144,145.0,biphenylene,aromatic hydrocarbon,152.2,262,113.5,1.284,,C1=CC2=C3C=CC=CC3=C2C=C1
145,145,146.0,2-biphenylmethanol,alcohol (arom.),184.24,96,47,1.2,,C1=CC=C(C=C1)C2=CC=CC=C2CO
146,146,147.0,4-biphenylmethanol,alcohol (arom.),184.24,,98,,,C1=CC=C(C=C1)C2=CC=C(C=C2)CO
147,147,148.0,borneol,alcohol,154.25,212,,1.01,,CC1(C2CCC1(C(C2)O)C)C
148,148,149.0,(-)-borneol,alcohol,154.25,210,207,1.011,,CC1(C2CCC1(C(C2)O)C)C
149,149,150.0,4-bromoacetanilide,amide (arom.),214.08,347,167,1.717,,CC(=O)NC1=CC=C(C=C1)Br
150,150,151.0,bromoacetic acid,carboxylic acid,138.95,208,48,,,C(C(=O)O)Br
151,151,152.0,2-bromoacetophenone,ketone (arom.),199.05,135,49,1.647,,C1=CC=C(C=C1)C(=O)CBr
152,152,153.0,3-bromoacetophenone,ketone (arom.),199.05,255,9.5,1.505,1.576,CC(=O)C1=CC(=CC=C1)Br
153,153,154.0,4-bromoacetophenone,ketone (arom.),199.05,255,50,1.736,,CC(=O)C1=CC=C(C=C1)Br
154,154,155.0,2-bromoaniline,amine (arom.),172.03,229,26,1.52,1.6113,C1=CC=C(C(=C1)N)Br
155,155,156.0,3-bromoaniline,amine (arom.),172.03,251,16.5,1.58,1.625,C1=CC(=CC(=C1)Br)N
156,156,157.0,4-bromoaniline,amine (arom.),172.03,,59,,,C1=CC(=CC=C1N)Br
157,157,158.0,2-bromoanisole,ether (arom.),187.04,223,2,1.502,1.573,COC1=CC=CC=C1Br
158,158,159.0,3-bromoanisole,ether (arom.),187.04,210.5,2,1.477,1.563,COC1=CC(=CC=C1)Br
159,159,160.0,4-bromoanisole,ether (arom.),187.04,223,9.5,1.494,1.564,COC1=CC=C(C=C1)Br
160,160,161.0,9-bromoanthracene,aromatic halide,257.13,359,98.5,,,C1=CC=C2C(=C1)C=C3C=CC=CC3=C2Br
161,161,162.0,2-bromobenzaldehyde,aldehyde (arom.),185.02,230,17.5,1.585,1.595,C1=CC=C(C(=C1)C=O)Br
162,162,163.0,3-bromobenzaldehyde,aldehyde (arom.),185.02,234.5,19.5,1.587,1.593,C1=CC(=CC(=C1)Br)C=O
163,163,164.0,4-bromobenzaldehyde,aldehyde (arom.),185.02,244,56.5,1.85,1.5727,C1=CC(=CC=C1C=O)Br
164,164,165.0,4-brombenzamide,amide (arom.),200.04,328,191.5,,,
165,165,166.0,bromobenzene,aromatic halide,157.01,156,-31,1.491,1.559,C1=CC=C(C=C1)Br
166,166,167.0,3-bromobenzoic acid,carbocylic acid (arom.),201.02,,156.5,,,C1=CC(=CC(=C1)Br)C(=O)O
167,167,168.0,4-bromobenzoic acid,carboxylic acid (arom.),201.02,,253,,,C1=CC(=CC=C1C(=O)O)Br
168,168,169.0,2-bromobenzonitrile,nitrile (arom.),182.02,252,55,1.496,,C1=CC=C(C(=C1)C#N)Br
169,169,170.0,3-bromobenzonitrile,nitrile (arom.),182.02,225,39,,,C1=CC(=CC(=C1)Br)C#N
170,170,171.0,4-bromobenzonitrile,nitrile (arom.),182.02,236,112.5,1.562,,C1=CC(=CC=C1C#N)Br
171,171,172.0,4-bromobenzophenone,ketone (arom.),261.12,350,81.5,,,C1=CC=C(C=C1)C(=O)C2=CC=C(C=C2)Br
172,172,173.0,2-bromobenzylalcohol,alcohol (arom.),187.04,255,79,,,C1=CC=C(C(=C1)CO)Br
173,173,174.0,4-bromobenzylalcohol,alcohol (arom.),187.04,276.04,55.06,,,C1=CC(=CC=C1CO)Br
174,174,175.0,2-bromobiphenyl,aromatic halide,233.11,297.5,175,1.352,1.628,C1=CC=C(C=C1)C2=CC=CC=C2Br
175,175,176.0,3-bromobiphenyl,aromatic acid,233.11,103.5,9,1.398,1.639,C1=CC=C(C=C1)C2=CC(=CC=C2)Br
176,176,177.0,1-brombutane,alkyl halide,137.02,101,-112,1.276,1.4398,
177,177,178.0,2-bromobutane,alkyl halide,137.02,91,-112,1.255,1.437,CCC(C)Br
178,178,179.0,1-bromo-4-chlorobenzene,alkyl halide,191.48,196,65.5,1.576,1.5531,C1=CC(=CC=C1Cl)Br
179,179,180.0,1-bromo-3-chlorobenzene,alkyl halide,191.48,198,-21.2,1.63,1.576,C1=CC(=CC(=C1)Br)Cl
180,180,181.0,1-bromo-2-chlorobenzene,aromatic halide,191.48,204,-12.1,1.638,1.582,C1=CC=C(C(=C1)Cl)Br
181,181,182.0,1-bromo-4-chlorobutane,alkyl halide,171.48,175,,1.488,1.488,C(CCBr)CCl
182,182,183.0,1-bromo-1-chloroethane,alkyl halide,143.41,82,,1.667,1.466,CC(Cl)Br
183,183,184.0,1-bromo-2-chloroethane,alkyl halide,143.41,106.5,-16,1.723,1.488,C(CBr)Cl
184,184,185.0,1-bromo-2-chloroethene,alkenyl halide,141.39,79.76,-76.21,,,C(=CBr)Cl
185,185,186.0,1-bromo-5-chloropentane,alkyl halide,185.5,211,,1.408,1.484,C(CCCl)CCBr
186,186,187.0,1-bromo-3-chloropropane,alkyl halide,157.44,144.5,-58,1.592,1.486,C(CCl)CBr
187,187,188.0,2-bromo-2-chloropropane,alkyl halide,157.44,95.25,-57.44,1.495,1.4575,CC(C)(Cl)Br
188,188,189.0,2-bromo-1-chloropropane,alkyl halide,157.44,116.5,,1.537,1.478,CC(CCl)Br
189,189,190.0,1-bromo-2-chloropropane,alkyl halide,157.44,98.04,-74.86,1.531,1.4745,CC(CBr)Cl
190,190,191.0,bromocyclohexane,alkyl halide,163.07,166.5,-56.5,1.324,1.495,C1CCC(CC1)Br
191,191,192.0,bromocyclopentane,alkyl halide,149.01,138,,1.39,1.488,C1CCC(C1)Br
192,192,193.0,bromoethane,alkyl halide,108.99,15.8,-139.5,1.4933,,CCBr
193,193,194.0,2-bromoethanol,"alcohol, halide",124.97,,-80,1.763,1.492,C(CBr)O
194,194,195.0,1-bromo-2-ethylbenzene,aromatic halide,185.06,199,-67.3,1.338,1.549,CCC1=CC=CC=C1Br
195,195,196.0,1-bromo-3-ethylbenzene,aromatic halide,185.06,207.1,5.5,1.3493,1.5465,CCC1=CC(=CC=C1)Br
196,196,197.0,1-bromo-4-ethylbenzene,aromatic halide,185.06,204,-43.5,1.343,1.544,CCC1=CC=C(C=C1)Br
197,197,198.0,1-bromoheptane,alkyl halide,179.1,140,-58,1.14,1.45,CCCCCCCBr
198,198,199.0,2-bromoheptane,alkyl halide,179.1,,47,1.142,1.447,CCCCCC(C)Br
199,199,200.0,4-bromoheptane,alkyl halide,179.1,163,,1.1565,1.4489,CCCC(CCC)Br
200,200,201.0,1-bromohexane,alkyl halide,165.07,156,-85,1.176,1.448,CCCCCCBr
201,201,202.0,3-bromohexane,alkyl halide,165.07,144,,1.1934,1.45,CCCC(CC)Br
202,202,203.0,1-bromo-2-methylbutane,alkyl halide,151.03,121.5,,1.223,1.445,CCC(C)CBr
203,203,204.0,1-bromo-3-methylbutane,alkyl halide,151.03,120.5,-112,1.261,1.441,CC(C)CCBr
204,204,205.0,2-bromo-2-methylbutane,alkyl halide,151.03,107,,1.182,1.442,CCC(C)(C)Br
205,205,206.0,3-bromo-3-methylpentane,alkyl halide,165.07,126.5,-55.5,,,CCC(C)(CC)Br
206,206,207.0,2-bromo-4-methylpentane,alkyl halide,165.07,128.8,-85.97,,,CC(C)CC(C)Br
207,207,208.0,1-bromo-4-methylpentane,alkyl halide,165.07,146,,1.134,1.446,CC(C)CCCBr
208,208,209.0,1-bromooctane,alkyl halide,193.12,291,-55,1.118,1.452,CCCCCCCCBr
209,209,210.0,2-bromooctane,alkyl halide,193.12,175,-48.83,,,CCCCCCC(C)Br
210,210,211.0,1-bromopentane,alkyl halide,151.03,130,-95,,,CCCCCBr
211,211,212.0,3-bromopentane,alkyl halide,151.03,118.5,-126,1.216,1.445,CCC(CC)Br
212,212,213.0,2-bromophenol,phenol,173.01,195,5,1.492,1.589,C1=CC=C(C(=C1)O)Br
213,213,214.0,3-bromophenol,phenol,173.01,236,30,1.641,1.3719,C1=CC(=CC(=C1)Br)O
214,214,215.0,4-bromophenol,phenol,173.01,235.5,62.5,1.84,,C1=CC(=CC=C1O)Br
215,215,216.0,1-bromopropane,alkyl halide,123,71,-110,1.354,1.434,CCCBr
216,216,217.0,2-bromopropane,alkyl halide,123,59,-89,1.31,1.425,CC(C)Br
217,217,218.0,3-bromopyridine,pyridine,158,173,-27,1.64,1.571,C1=CC(=CN=C1)Br
218,218,219.0,4-bromopyridine,pyridine,158,,0.5,1.645,,C1=CN=CC=C1Br
219,219,220.0,2-bromotoluene,aromatic halide,171.02,59,-27,1.422,1.555,CC1=CC=CC=C1Br
220,220,221.0,3-bromotoluene,aromatic halide,171.02,183.7,-40,1.41,1.552,CC1=CC(=CC=C1)Br
221,221,222.0,4-bromotoluene,aromatic halide,171.02,184,27.5,1.39,1.5477,CC1=CC=C(C=C1)Br
222,222,223.0,"1,2-butadiene",alkene,54.09,10.9,-136.2,,1.4205,CC=C=C
223,223,224.0,"1,3-butadiene",alkene,54.09,-4.5,-109,,1.4223,C=CC=C
224,224,225.0,"1,2-butanediol",diol,90.12,,-50,1.006,1.438,CCC(CO)O
225,225,226.0,"1,3-butanediol",diol,90.12,203.5,-50,1.005,1.44,CC(CCO)O
226,226,227.0,"1,4-butanediol",diol,90.12,230,19.7,1.017,1.446,C(CCO)CO
227,227,228.0,"2,3-butanediol",diol,90.12,183.5,25,0.995,1.433,CC(C(C)O)O
228,228,229.0,"2,3-butanedione",ketone (di),86.09,88,-2,0.981,1.394,CC(=O)C(=O)C
229,229,230.0,1-butanol,alcohol,74.12,117,-90,0.81,1.399,CCCCO
230,230,231.0,2-butanol,alcohol,74.12,98,-115,0.808,1.397,CCC(C)O
231,231,232.0,t-butanol,alcohol,74.12,82.4,25.7,0.789,1.387,CC(C)(C)O
232,232,233.0,2-butanone,ketone,72.11,80,-87,0.805,1.379,CCC(=O)C
233,233,234.0,1-butene,alkene,56.11,-6.3,-185,0.626,1.3962,CCC=C
234,234,235.0,cis-2-butene,alkene,56.11,3.7,-139,0.6213,1.3931,CC=CC
235,235,236.0,trans-2-butene,alkene,56.11,1,-105,0.6042,1.3848,CC=CC
236,236,237.0,"cis-2-butene-1,4-diol",alcohol (di),88.11,235,11,1.082,1.4782,C(C=CCO)O
237,237,238.0,"trans-2-butene-1,4-diol",alcohol (di),88.11,,7,1.07,1.478,C(C=CCO)O
238,238,239.0,3-butenoic acid,carboxylic acid,86.09,163,-39,1.013,1.423,C=CCC(=O)O
239,239,240.0,3-buten-1-ol,alcohol,72.11,113,,0.838,1.421,C=CCCO
240,240,241.0,3-buten-1-one,ketone,70.09,63.07,-98.07,0.8,1.387,
241,241,242.0,1-buten-3-yne,alkyne,52.08,5.1,-93,0.709,1.4161,C=CC#C
242,242,243.0,sec-butyl acetate,ester,116.16,111.5,-99,0.872,1.389,CCC(C)OC(=O)C
243,243,244.0,butyl acetate,ester,116.16,125,-78,0.88,1.394,CCCCOC(=O)C
244,244,245.0,tert- butyl acetate,ester,116.16,97.5,94,0.866,1.386,
245,245,246.0,n-butylamide,amide,87.12,115,216,1.027,1.4087,CCCC(=O)N
246,246,247.0,butylamine,amine,73.14,78,-49,0.74,1.401,CCCCN
247,247,248.0,sec-butylamine,amine,73.14,63,-72,0.724,1.393,CCC(C)N
248,248,249.0,tert-butylamine,amine,73.14,46,-67,0.696,1.377,CC(C)(C)N
249,249,250.0,butylbenzene,aromatic hydrocarbon,134.22,183,-88,0.86,1.489,CCCCC1=CC=CC=C1
250,250,251.0,sec-butylbenzene,aromatic hydrocarbon,134.22,173.5,75.5,0.863,1.489,CCC(C)C1=CC=CC=C1
251,251,252.0,tert-butylbenzene,aromatic hydrocarbon,134.22,169,-58,0.867,1.492,CC(C)(C)C1=CC=CC=C1
252,252,253.0,butyl benzoate,ester (arom.),178.23,249,-22,1.01,1.498,CCCCOC(=O)C1=CC=CC=C1
253,253,254.0,4-butylbenzoic acid,carboxylic acid (arom.),178.22,313,106.5,,,CCCCC1=CC=C(C=C1)C(=O)O
254,254,255.0,4-t-butylbenzoic acid,carboxylic acid (arom.),178.22,283,163.5,1.405,,CC(C)(C)C1=CC=C(C=C1)C(=O)O
255,255,256.0,t-butyl bromide,halide,137.02,72,-20,1.22,1.428,CC(C)(C)Br
256,256,257.0,butyl butyrate,ester,144.21,164.5,-91.5,0.869,1.406,CCCCOC(=O)CCC
257,257,258.0,di-sec-butyl ether,ether,130.23,121,-100,0.759,1.394,CCC(C)OC(C)CC
258,258,259.0,butyl ethyl ether,ether,102.18,91.5,-124,0.75,1.382,CCCCOCC
259,259,260.0,t-butyl ethyl ether,ether,102.18,72.5,-97,0.742,1.375,CCOC(C)(C)C
260,260,261.0,butyl formate,ester,102.13,106.5,-92,0.892,1.389,CCCCOC=O
261,261,262.0,n-butyl lithium,organolithium,64.06,60,-34,0.68,,[Li+].CCC[CH2-]
262,262,263.0,t-butyl methyl ether,ether,88.15,55.5,-108.6,0.74,1.369,CC(C)(C)OC
263,263,264.0,butyl methyl ether,ether,88.15,70.5,-115,0.744,1.374,CCCCOC
264,264,265.0,butyl methyl ether,ether,88.15,75,,0.742,1.372,CCCCOC
265,265,266.0,1-butylnaphthalene,aromatic hydrocarbon,184.28,289.3,-19.8,0.974,1.5819,CCCCC1=CC=CC2=CC=CC=C21
266,266,267.0,1-t-butylnaphthalene,aromatic hydrocarbon,184.28,294,48.45,,,
267,267,268.0,2-t--butylnaphthalene,aromatic hydrocarbon,184.28,281.6,-5,0.965,1.5740,
268,268,269.0,t-butyl propionate,ester,130.2,118.3,-60,0.865,1.393,CCC(=O)OC(C)(C)C
269,269,270.0,butyl propionate,ester,130.2,145,-90,0.875,1.401,CCCCOC(=O)CC
270,270,271.0,2-butyne,alkyne,54.09,27,-32,0.691,1.393,CC#CC
271,271,272.0,2-butyn-1-ol,alcohol,70.09,142.5,-2.2,0.937,1.453,CC#CCO
272,272,273.0,3-butyn-1-ol,alcohol,70.09,128.9,-63.6,0.926,1.441,C#CCCO
273,273,274.0,3-butyn-2-one,ketone,68.08,85,,0.87,1.406,CC(=O)C#C
274,274,276.0,butyraldehyde,aldehyde,72.11,75,-96,.8,1.38,CCCC=O
275,275,277.0,butyric acid,carboxylic acid,88.11,162,-4.5,0.964,1.398,CCCC(=O)O
276,276,278.0,butyronitrile,nitrile,69.11,116,-112,0.794,1.384,CCCC#N
277,277,279.0,butyrophenone,ketone (aromatic),148.2,229,12,1.021,1.52,CCCC(=O)C1=CC=CC=C1
278,278,280.0,caffeine,alkaloid,194.19,,235.3,1.23,1.494,CN1C=NC2=C1C(=O)N(C(=O)N2C)C
279,279,281.0,(+)-camphene,bicyclic alkene,136.22,159.4,45,0.839,,CC1(C2CCC(C2)C1=C)C
280,280,282.0,(-)-camphene,bicyclic alkene,136.22,158,37,0.84,,CC1(C2CCC(C2)C1=C)C
281,281,283.0,(1)-(-)-camphor,bicyclic ketone,152.23,236.4,73.45,,,
282,282,284.0,(R)-(+)-camphor,bicyclic ketone,152.23,236.4,73.45,,,CC1(C2CCC1(C(=O)C2)C)C
283,283,285.0,carbon disulfide,sulfide,76.13,46,-115,1.266,1.627,C(=S)=S
284,284,286.0,carbon monoxide,oxide,28.01,-191.5,-205,,,[C-]#[O+]
285,285,287.0,b-carotene,polyene,536.9,,183,,,CC1=C(C(CCC1)(C)C)C=CC(=CC=CC(=CC=CC=C(C)C=CC=C(C)C=CC2=C(CCCC2(C)C)C)C)C
286,286,288.0,(S)-(+)-carvone,unsaturated ketone,150.22,231,15,0.963,1.497,CC1=CCC(CC1=O)C(=C)C
287,287,289.0,(R)-(-)-carvone,unsaturated ketone,150.22,231,,0.963,1.497,CC1=CCC(CC1=O)C(=C)C
288,288,290.0,chloroacetic acid,carboxylic acid,94.5,189,61.5,,,C(C(=O)O)Cl
289,289,291.0,2-chloroacetophenone,ketone (arom.),154.6,244.5,55,1.324,1.5438,C1=CC=C(C=C1)C(=O)CCl
290,290,292.0,3-chloroacetophenone,ketone (arom.),154.6,229,,1.191,1.5506,CC(=O)C1=CC(=CC=C1)Cl
291,291,294.0,4-chloroacetophenone,ketone (arom.),154.6,232,16,1.192,1.554,CC(=O)C1=CC=C(C=C1)Cl
292,292,294.0,2-chloroaniline,amine (arom.),127.58,209,1.5,1.213,1.589,C1=CC=C(C(=C1)N)Cl
293,293,295.0,3-chloroaniline,amine (arom.),127.58,95.5,-10,1.206,1.594,C1=CC(=CC(=C1)Cl)N
294,294,296.0,4-chloroaniline,amine (arom.),127.58,232,68.5,1.169,1.5546,C1=CC(=CC=C1N)Cl
295,295,297.0,2-chloroanisole,ether (arom.),142.59,195.5,-27,1.123,1.545,COC1=CC=CC=C1Cl
296,296,298.0,3-chloroanisole,ether (arom.),142.59,193,,1.164,1.536,COC1=CC(=CC=C1)Cl
297,297,299.0,4-chloroanisole,ether (arom.),142.59,200,-18,1.164,1.535,COC1=CC=C(C=C1)Cl
298,298,300.0,1-chloroanthracene,aromatic halide,212.68,,78.5,1.171,,C1=CC=C2C=C3C(=CC2=C1)C=CC=C3Cl
299,299,301.0,2-chloroanthracene,aromatic halide,212.68,347,222,,,C1=CC=C2C=C3C=C(C=CC3=CC2=C1)Cl
300,300,302.0,2-chlorobenzaldehyde,aldehyde (arom.),140.58,212,10,1.248,1.566,C1=CC=C(C(=C1)C=O)Cl
301,301,303.0,3-chlorobenzaldehyde,aldehyde (arom.),140.58,213,10.5,1.241,1.563,C1=CC(=CC(=C1)Cl)C=O
302,302,304.0,4-chlorobenzaldehyde,aldehyde (arom.),140.58,213.5,47.5,1.196,1.555,C1=CC(=CC=C1C=O)Cl
303,303,305.0,2-chlorobenzoic acid,carboxylic acid (arom.),156.68,,139,,,C1=CC=C(C(=C1)C(=O)O)Cl
304,304,306.0,3-chlorobenzoic acid,carboxylic acid (arom.),156.68,,155,,,C1=CC(=CC(=C1)Cl)C(=O)O
305,305,307.0,4-chlorobenzoic acid,carboxylic acid (arom.),156.68,,239.5,,,C1=CC(=CC=C1C(=O)O)Cl
306,306,308.0,2-chlorobenzonitrile,nitrile (arom.),137.58,232,44.5,1.19,,C1=CC=C(C(=C1)C#N)Cl
307,307,309.0,3-chlorobenzonitrile,nitrile (arom.),137.58,203,39,1.14,,C1=CC(=CC(=C1)Cl)C#N
308,308,310.0,4-chlorobenzonitrile,nitrile (arom.),137.58,223,91.5,1.1133,1.6088,C1=CC(=CC=C1C#N)Cl
309,309,311.0,2-chlorobenzophenone,ketone (arom.),216.67,330,45.5,,,C1=CC=C(C=C1)C(=O)C2=CC=CC=C2Cl
310,310,312.0,3-chlorobenzophenone,ketone (arom.),216.67,322,86,,,C1=CC=C(C=C1)C(=O)C2=CC(=CC=C2)Cl
311,311,313.0,4-chlorobenzophenone,ketone (arom.),216.67,195.5,75,,,C1=CC=C(C=C1)C(=O)C2=CC=C(C=C2)Cl
312,312,314.0,2-chlorobiphenyl,aromatic halide,188.66,274,34,1.150,,C1=CC=C(C=C1)C2=CC=CC=C2Cl
313,313,315.0,3-chlorobiphenyl,aromatic halide,188.66,285,16,1.158,,C1=CC=C(C=C1)C2=CC(=CC=C2)Cl
314,314,316.0,4-chlorobiphenyl,aromatic halide,188.66,291,77,,,C1=CC=C(C=C1)C2=CC=C(C=C2)Cl
315,315,317.0,1-chlorobutane,alkyl halide,92.57,77.5,-123,0.886,1.402,CCCCCl
316,316,318.0,2-chlorobutane,alkyl halide,92.57,69,-140,0.873,1.396,CCC(C)Cl
317,317,319.0,4-chloro-1-butanol,alcohol,108.58,84.5,,1.088,1.453,C(CCCl)CO
318,318,320.0,3-chloro-2-butanone,ketone,106.56,115.5,,1.055,1.421,CC(C(=O)C)Cl
319,319,321.0,4-chloro-2-butanone,ketone,106.56,146,-58.5,1.033,1.43,CC(=O)CCCl
320,320,322.0,chlorocyclohexane,alkyl halide,118.6,142,-44,1.0,1.462,C1CCC(CC1)Cl
321,321,323.0,chlorocyclopentane,alkyl halide,104.59,114,-93,1.005,1.45,C1CCC(C1)Cl
322,322,324.0,1-chlorodecane,alkyl halide,176.71,223,-34,0.868,1.437,CCCCCCCCCCCl
323,323,325.0,"1-chloro-3,3-dimethylbutane",alkyl halide,120.62,118,,0.867,1.4200,CC(C)(C)CCCl
324,324,326.0,"2-chloro-2,3-dimethylbutane",alkyl halide,120.62,112,-10,0.813,1.4175,CC(C)C(C)(C)Cl
325,325,327.0,"2-chloro-2,4-dimethylpentane",alkyl halide,134.65,133,,0.861,1.418,CC(C)CC(C)(C)Cl
326,326,328.0,"2-chloro-2,3-dimethylpentane",alkyl halide,134.65,120.2,-87.16,0.8773,1.4263,CCC(C)C(C)(C)Cl
327,327,329.0,"1-chloro-2,2-dimethylpropane",alkyl halide,106.6,84.5,-20,0.866,1.404,CC(C)(C)CCl
328,328,330.0,chloroethane,alkyl halide,64.52,12.3,-139,,,CCCl
329,329,331.0,2-chloroethanol,alcohol,80.52,129,-89,1.201,1.441,C(CCl)O
330,330,332.0,1-chloroheptane,alkyl halide,134.64,160,-69,0.872,1.424,CCCCCCCCl
331,331,333.0,4-chloroheptane,alkyl halide,134.64,144,,0.871,1.4237,CCCC(CCC)Cl
332,332,334.0,1-chlorohexane,alkyl halide,120.62,133,-94,0.8739,1.4179,CCCCCCCl
333,333,335.0,2-chlorohexane,alkyl halide,120.62,122,,0.8654,1.4122,CCCCC(C)Cl
334,334,336.0,3-chlorohexane,alkyl halide,120.62,123,,0.864,1.4143,CCCC(CC)Cl
335,335,337.0,chloromethane,alkyl halide,50.49,-24.1,-97.7,0.911,1.3389,CCl
336,336,338.0,2-chloro-2-methylpentane,alkyl halide,120.62,97.7,-83.4,0.8582,1.4107,CCCC(C)(C)Cl
337,337,339.0,3-chloro-3-methylpentane,alkyl halide,120.62,115.5,,0.8720,1.4188,CCC(C)(CC)Cl
338,338,340.0,2-chloro-2-methylpropane,alkyl halide,92.57,51.5,-25,0.836,1.3828,CC(C)(C)Cl
339,339,341.0,1-chloro-2-methylpropane,alkyl halide,92.57,68.5,-131,0.8719,1.3951,CC(C)CCl
340,340,342.0,1-chloronaphthalene,aromatic halide,162.22,112,-20,1.194,1.632,C1=CC=C2C(=C1)C=CC=C2Cl
341,341,343.0,2-chloronaphthalene,aromatic halide,162.22,256,59.5,1.266,1.6079,C1=CC=C2C=C(C=CC2=C1)Cl
342,342,344.0,1-chlorononane,alkyl halide,148.68,203,-39.4,0.87,1.436,CCCCCCCCCCl
343,343,345.0,2-chlorooctane,alkyl halide,148.68,172,,0.862,1.4273,CCCCCCC(C)Cl
344,344,346.0,(+)-2-chloropentane,alkyl halide,106.6,94.5,,0.8698,1.4069,
345,345,347.0,1-chloropentane,alkyl halide,106.6,107.5,-99,0.878,1.4104,CCCCCCl
346,346,348.0,2-chloropentane,alkyl halide,106.6,94.5,,0.8659,1.4046,CCCC(C)Cl
347,347,349.0,3-chloropentane,alkyl halide,106.6,97.5,-105,0.8854,1.4059,CCC(CC)Cl
348,348,350.0,2-chlorophenol,phenol,128.6,174.9,9.4,1.241,1.558,C1=CC=C(C(=C1)O)Cl
349,349,351.0,3-chlorophenol,phenol,128.6,214,34.5,1.218,1.563,C1=CC(=CC(=C1)Cl)O
350,350,352.0,4-chlorophenol,phenol,126.6,220,42.5,1.306,,C1=CC(=CC=C1O)Cl
351,351,353.0,2-chloro-1-propanol,alcohol,94.55,133,,1.1122,1.4362,CC(CO)Cl
352,352,354.0,3-chloro-1-propanol,alcohol,94.55,161,-20,1.131,1.445,C(CO)CCl
353,353,355.0,cis-1-chloropropene,alkenyl halide,76.53,32.45,-134.8,0.9271,1.4000,CC=CCl
354,354,356.0,trans-1-chloropropene,alkenyl halide,76.53,38,-99,0.927,1.4000,CC=CCl
355,355,357.0,2-chloro-1-propene,alkenyl halide,76.53,22.65,-138.6,0.899,1.395,CC(=C)Cl
356,356,358.0,2-chlorotoluene,aromatic halide,126.59,158,-36,1.083,1.525,CC1=CC=CC=C1Cl
357,357,359.0,3-chlorotoluene,aromatic halide,126.59,161,-48,1.072,1.522,CC1=CC(=CC=C1)Cl
358,358,360.0,4-chlorotoluene,aromatic halide,126.59,162,7,1.07,1.52,CC1=CC=C(C=C1)Cl
359,359,361.0,chlorotrifluoromethane,alkyl halide,104.5,-81.4,-181,1.3,1.0996,C(F)(F)(F)Cl
360,360,362.0,cholesteryl acetate,steroid,428.7,,113,1.11,,CC(C)CCCC(C)C1CCC2C1(CCC3C2CC=C4C3(CCC(C4)OC(=O)C)C)C
361,361,363.0,cholesteryl benzoate,steroid,490.77,,149,0.9484,1.4803,CC(C)CCCC(C)C1CCC2C1(CCC3C2CC=C4C3(CCC(C4)OC(=O)C5=CC=CC=C5)C)C
362,362,364.0,cholesteryl myristate,steroid,597,631,70,,,CCCCCCCCCCCCCC(=O)OC1CCC2(C3CCC4(C(C3CC=C2C1)CCC4C(C)CCCC(C)C)C)C
363,363,365.0,chrysene,aromatic hydrocarbon,228.29,448,253,1.274,,C1=CC=C2C(=C1)C=CC3=C2C=CC4=CC=CC=C43
364,364,366.0,cinnamic acid,aromatic carboxylic acid,148.16,300,133.5,1.2475,1.555,C1=CC=C(C=C1)C=CC(=O)O
365,365,367.0,cinnamyl alcohol,aromatic alcohol,134.18,250,31.5,1.044,1.5751,C1=CC=C(C=C1)C=CCO
366,366,368.0,citric acid,carboxylic acid,192.12,310,156,1.665,1.44,C(C(=O)O)C(CC(=O)O)(C(=O)O)O
367,367,369.0,R-(+)-citronellal,unsaturated aldehyde,154.25,207,,0.851,1.448,
368,368,370.0,S-(-)-citronellal,unsaturated aldehyde,154.25,208,,0.855,1.447,
369,369,371.0,codeine,opiate,299.37,462,157.5,1.307,,CN1CCC23C4C1CC5=C2C(=C(C=C5)OC)OC3C(C=C4)O
370,370,372.0,coumarin,ester (arom.),146.14,298,70.5,1.4,,C1=CC=C2C(=C1)C=CC(=O)O2
371,371,373.0,creatinene,imidizole,113.12,337,,1.38,,
372,372,374.0,o-cresol,phenol,108.13,191,30,1.047,1.5386,CC1=CC=CC=C1O
373,373,375.0,m-cresol,phenol,108.13,203,9,1.034,1.541,CC1=CC(=CC=C1)O
374,374,376.0,p-cresol,phenol,108.13,202,33,1.034,1.5312,CC1=CC=C(C=C1)O
375,375,377.0,crotonaldehyde,unsat. aldehyde,70.09,102,-74,0.858,1.4384,CC=CC=O
376,376,378.0,crotonic acid,unsaturated carboxylic acid,86.09,181,15,1.018,1.4455,CC=CC(=O)O
377,377,379.0,cyanic acid,hydroxy nitrile,43.03,23,-86,,,C(#N)O
378,378,380.0,cyanuric acid,"triazine, triol",129.08,,360,,,C1(=O)NC(=O)NC(=O)N1
379,379,381.0,cyclobutanol,alcohol,72.1,123,,0.921,1.435,C1CC(C1)O
380,380,382.0,cyclobutanone,ketone,70.09,99,,0.938,1.421,C1CC(=O)C1
381,381,383.0,cyclodecane,alkane,140.29,80.7,6.6,0.779,1.43,C1CCCCCCCCC1
382,382,384.0,"1,3-cycloheptadiene",diene,94.16,120.5,-110.4,0.868,1.498,C1CC=CC=CC1
383,383,385.0,cycloheptane,alkane,98.19,118.5,-12,0.811,1.445,C1CCCCCC1
384,384,386.0,cycloheptanol,alcohol,114.19,185,2,0.948,1.477,C1CCCC(CC1)O
385,385,387.0,cycloheptanone,ketone,112.19,179,-21,0.951,1.461,C1CCCC(=O)CC1
386,386,388.0,cycloheptatriene,triene,92.15,116,-80,0.888,1.519,C1C=CC=CC=C1
387,387,389.0,cycloheptene,alkene,96.17,113.4,-56,0.824,1.458,C1CCC=CCC1
388,388,390.0,"1,3-cyclohexadiene",diene,80.13,96,-103,0.841,1.474,C1CC=CC=C1
389,389,391.0,"1,4-cyclohexadiene",diene,80.13,88,-49.2,0.847,1.472,C1C=CCC=C1
390,390,392.0,cyclohexane,alkane,84.16,80.7,5.5,0.779,1.426,C1CCCCC1
391,391,393.0,"trans-1,2-cyclohexanediol",diol,116.18,237,102.5,1.147,,C1CCC(C(C1)O)O
392,392,394.0,"cis-1,2-cyclohexanediol",diol,116.18,,99,1.183,1.4644,C1CCC(C(C1)O)O
393,393,395.0,"1,4-cyclohexanediol",diol,116.18,150,99,1.17,,C1CC(CCC1O)O
394,394,396.0,"1,2-cyclohexanedione",ketone,112.12,194,36,1.130,1.465,C1CCC(=O)C(=O)C1
395,395,397.0,"1,3-cyclohexanedione",ketone,112.12,235,103,1.25,,C1CC(=O)CC(=O)C1
396,396,398.0,"1,4-cyclohexanedione",ketone,112.12,227,77.8,1.28,1.4576,C1CC(=O)CCC1=O
397,397,399.0,cyclohexanol,alcohol,100.18,160.8,25.9,0.9624,1.465,C1CCC(CC1)O
398,398,400.0,cyclohexanone,ketone,98.15,155,-47,0.947,1.45,C1CCC(=O)CC1
399,399,401.0,cyclohexane,alkane,82.15,80.7,5.5,0.779,1.426,C1CCCCC1
400,400,402.0,2-cyclohexen-1-one,unsaturated ketone,96.13,172,-53,0.993,1.488,C1CC=CC(=O)C1
401,401,403.0,cyclohexylamine,amine,99.18,134,-17,0.867,1.459,C1CCC(CC1)N
402,402,404.0,"cic,cis-1,3-cyclooctadiene",diene,108.19,143,-53,0.869,1.4888,
403,403,405.0,cyclooctane,alkane,112.21,151,11.5,0.834,1.458,C1CCCCCCC1
404,404,406.0,cycloooctanol,alcohol,128.21,107,14.5,0.974,1.486,
405,405,407.0,cyclooctanone,ketone,126.19,196,36.5,0.958,1.4689,C1CCCC(=O)CCC1
406,406,408.0,"1,3,5-cyclooctatriene",triene,106.17,145.5,-83,0.8971,1.5035,C1CC=CC=CC=C1
407,407,409.0,cis-cyclooctene,alkene,110.2,145.5,16,0.846,1.469,C1CCCC=CCC1
408,408,410.0,cyclopentadiene,diene,66.1,42,-85,0.8021,1.4463,C1C=CC=C1
409,409,411.0,cyclopentane,alkane,70.13,-94,50,0.751,1.405,C1CCCC1
410,410,412.0,cyclopentanol,alcohol,86.13,139.5,-19,0.949,1.453,C1CCC(C1)O
411,411,413.0,cyclopentanone,ketone,84.12,130.5,-51,0.951,1.437,C1CCC(=O)C1
412,412,414.0,cyclopropane,alkane,42.08,-33,-128,0.784,1.3799,C1CC1
413,413,415.0,cyclopropanone,ketone,56.06,74.12,-59.18,0.867,1.474,C1CC1=O
414,414,416.0,o-cymene,aromatic hydrocarbon,134.22,178,-71.5,0.877,1.499,CC1=CC=CC=C1C(C)C
415,415,417.0,m-cymene,aromatic hydrocarbon,134.22,175,-64,0.861,1.492,CC1=CC(=CC=C1)C(C)C
416,416,418.0,p-cymene,aromatic hydrocarbon,134.22,177,-67.9,0.86,1.49,CC1=CC=C(C=C1)C(C)C
417,417,419.0,L-(+)-cysteine,amino acid,121.15,254,220,1.523,,C(C(C(=O)O)N)S
418,418,420.0,L-cystine,amino acid,240.29,428,262,1.677,,C(C(C(=O)O)N)SSCC(C(=O)O)N
419,419,420.1,cytosine,pyrimidine,111.19,,300,0.992,,C1=C(NC(=O)N=C1)N
420,420,421.0,decane,alkane,142.3,174,-30,0.73,1.411,CCCCCCCCCC
421,421,422.0,1-decanol,alcohol,158.29,231,6,0.829,1.437,CCCCCCCCCCO
422,422,423.0,deoxybenzoin,ketone (arom.),196.23,320,54.5,1.201,,C1=CC=C(C=C1)CC(=O)C2=CC=CC=C2
423,423,424.0,deuterium oxide,inorganic,20.03,101.4,3.8,1.107,1.328,O
424,424,425.0,"dibenz[a,c]anthracene",aromatic hydrocarbon,278.34,547.2,259.3,,,C1=CC=C2C=C3C4=CC=CC=C4C5=CC=CC=C5C3=CC2=C1
425,425,426.0,"dibenz[a,h]anthracene",aromatic hydrocarbon,278.34,524,263.5,1.282,,C1=CC=C2C(=C1)C=CC3=CC4=C(C=CC5=CC=CC=C54)C=C32
426,426,427.0,"dibenz[a,j]anthracene",aromatic hydrocarbon,278.34,547.2,259.3,,,C1=CC=C2C(=C1)C=CC3=CC4=C(C=C32)C5=CC=CC=C5C=C4
427,427,428.0,dibenzofuran,aromatic ether,302.37,154.5,81,0.966,1.6079,C1=CC=C2C(=C1)C3=CC=CC=C3O2
428,428,429.0,dibenzylcarbonate,carbonate ester,168.2,185,31,,,C1=CC=C(C=C1)COC(=O)OCC2=CC=CC=C2
429,429,430.0,"1,4-dibromobenzene",aromatic halide,342.27,219,85,1.841,1.5743,C1=CC(=CC=C1Br)Br
430,430,431.0,"1,2-dibromobutane",alkyl halide,215.91,59.5,-64,1.789,1.514,CCC(CBr)Br
431,431,432.0,"1,3-dibromobutane",alkyl halide,215.91,178,,1.8,1.508,CC(CCBr)Br
432,432,433.0,"1,4-dibromobutane",alkyl halide,215.91,64,-20,1.808,1.519,C(CCBr)CBr
433,433,434.0,"2,2-dibromobutane",alkyl halide,215.91,105.5,-24,1.756,1.513,CCC(C)(Br)Br
434,434,435.0,"1,1-dibromobutane",alkyl halide,215.91,157.3,-33.7,1.784,1.4965,CCCC(Br)Br
435,435,436.0,"1,2-dibromoethane",alkyl halide,187.88,131.5,9.5,2.18,1.539,C(CBr)Br
436,436,437.0,"(Z)-1,2-dibromoethene",ethenyl halide,185.85,108.5,-46.3,2.2464,1.5428,C(=CBr)Br
437,437,438.0,"(E)-1,2-dibromoethene",ethenyl halide,185.85,110,-53,2.27,1.541,C(=CBr)Br
438,438,439.0,"1,1-dibromoethene",ethenyl halide,185.85,92,,2.178,,C=C(Br)Br
439,439,440.0,dibutyl ether,ether,130.21,142.5,-98,0.764,1.399,CCCCOCCCC
440,440,441.0,diethyl phthalate,ester,278.37,298.5,-3,1.12,1.502,CCOC(=O)C1=CC=CC=C1C(=O)OCC
441,441,442.0,dichloroacetic acid,carboxylic acid,128.92,194,10,1.575,,C(C(=O)O)(Cl)Cl
442,442,443.0,"9,10-dichloroanthracene",aromatic halide,247.12,316,244,1.525,,C1=CC=C2C(=C1)C(=C3C=CC=CC3=C2Cl)Cl
443,443,444.0,"1,2-dichlorobenzene",aromatic halide,147,179,-15,1.306,1.551,C1=CC=C(C(=C1)Cl)Cl
444,444,445.0,"1,3-dichlorobenzene",aromatic halide,147,173,-24,1.288,1.546,C1=CC(=CC(=C1)Cl)Cl
445,445,446.0,"1,4-dichlorobenzene",aromatic halide,147,174,54,1.241,1.5434,C1=CC(=CC=C1Cl)Cl
446,446,438.0,"4,4'-dichlorobiphenyl",aromatic halide,223.1,339,89.6,,,C1=CC(=CC=C1C2=CC=C(C=C2)Cl)Cl
447,447,439.0,"1,1-dichlorobutane",alkyl halide,127.01,112,,1.085,1.4333,CCCC(Cl)Cl
448,448,440.0,"1,2-dichlorobutane",alkyl halide,127.01,125,,1.112,1.445,CCC(CCl)Cl
449,449,441.0,"1,3-dichlorobutane",alkyl halide,127.01,134,,1.115,1.443,CC(CCCl)Cl
450,450,442.0,"1,4-dichlorobutane",alkyl halide,127.01,162,-38,1.16,1.454,C(CCCl)CCl
451,451,443.0,"2,2-dichlorobutane",alkyl halide,127.01,102,-74,1.09,1.43,CCC(C)(Cl)Cl
452,452,444.0,"1,2-dichloronaphthalene",aromatic halide,84.93,296,36,1.3147,1.5338,C1=CC=C2C(=C1)C=CC(=C2Cl)Cl
453,453,445.0,"1,4-dichloronaphthalene",aromatic halide,197.07,288,67.5,1.2997,1.6228,C1=CC=C2C(=C1)C(=CC=C2Cl)Cl
454,454,446.0,"1,1-dichloropropane",alkyl halide,112.99,88,,1.13,1.428,CCC(Cl)Cl
455,455,447.0,"1,2-dichloropropane",alkyl halide,112.99,95.5,-100,1.156,1.439,CC(CCl)Cl
456,456,448.0,"1,3-dichloropropane",alkyl halide,112.99,121,99,1.19,1.448,C(CCl)CCl
457,457,449.0,"2,2-dichloropropane",alkyl halide,112.99,68.5,-35,1.082,1.415,CC(C)(Cl)Cl
458,458,450.0,"2,3-dichlorotoluene",aromatic halide,161.01,207.5,6,1.228,1.551,CC1=C(C(=CC=C1)Cl)Cl
459,459,451.0,"2,4-dichlorotoluene",aromatic halide,161.01,200,-13,1.246,1.546,CC1=C(C=C(C=C1)Cl)Cl
460,460,452.0,"2,5-dichlorotoluene",aromatic halide,161.01,198.5,4.5,1.254,1.547,CC1=C(C=CC(=C1)Cl)Cl
461,461,453.0,"2,6-dichlorotoluene",aromatic halide,161.01,199.5,2,1.254,1.55,CC1=C(C=CC=C1Cl)Cl
462,462,454.0,"3,4-dichlorotoluene",aromatic halide,161.01,200.5,-15.2,1.251,1.547,CC1=CC(=C(C=C1)Cl)Cl
463,463,455.0,dieldrin,"halide, epoxide",380.91,385,143.5,1.75,,C1C2C3C(C1C4C2O4)C5(C(=C(C3(C5(Cl)Cl)Cl)Cl)Cl)Cl
464,464,456.0,diethyl adipate,ester,202.24,251,-19.5,1.009,1.427,CCOC(=O)CCCCC(=O)OCC
465,465,457.0,diethylamine,amine,73.14,55,-50,0.707,1.385,CCNCC
466,466,458.0,"1,2-diethyl benzene",aromatic hydrocarbon,134.22,183,-31,0.88,1.502,CCC1=CC=CC=C1CC
467,467,459.0,"1,3-diethyl benzene",aromatic hydrocarbon,134.22,181,-84.2,0.880,1.5,
468,468,460.0,"1,4-diethyl benzene",aromatic hydrocarbon,134.22,186.7,-43,0.862,1.495,
469,469,461.0,(-)diethyl-(D)-tartrate,carbonate ester,206.2,,17,1.205,1.446,
470,470,462.0,diethyl ether,ether,74.12,34.6,-116,0.706,1.353,CCOCC
471,471,463.0,diethyl phthalate,ester,225.25,298.5,-3,1.12,1.502,CCOC(=O)C1=CC=CC=C1C(=O)OCC
472,472,464.0,diethyl stilbesterol,"alkene (arom.), phenol",268.34,351.5,172,,,
473,473,465.0,diethyl succinate,ester,174.2,218,-20,1.047,1.42,CCOC(=O)CCC(=O)OCC
474,474,466.0,diodomethane,alkyl halide,267.82,182,6,3.325,1.7559,
475,475,467.0,diisobutylphthalate,ester,278.33,327,-64,1.039,1.49,
476,476,468.0,diidopropylamine,amine,101.19,84,-61,0.722,1.392,
477,477,469.0,"1,2-dimethoxyethane",ether,90.12,85,-58,0.867,1.379,COCCOC
478,478,470.0,dimethoxymethane,ether,76.09,42,-105,0.821,1.3589,COCOC
479,479,471.0,dimethyladipate,ester,174.2,109.5,8,1.062,1.428,COC(=O)CCCCC(=O)OC
480,480,472.0,dimethylamine,amine,45.09,7,-93,0.68,1.35,CNC
481,481,473.0,"2,3-dimethylaniline",aromatic amine,121.19,221.5,2.5,0.993,1.569,CC1=C(C(=CC=C1)N)C
482,482,474.0,"2,4-dimethylaniline",aromatic amine,121.19,218,-14.3,0.98,1.558,CC1=CC(=C(C=C1)N)C
483,483,475.0,"2,5-dimethylaniline",aromatic amine,121.19,218,11.5,0.973,1.559,CC1=CC(=C(C=C1)C)N
484,484,476.0,"2,6-dimethylaniline",aromatic amine,121.19,214,11,0.984,1.56,CC1=C(C(=CC=C1)C)N
485,485,477.0,"3,4-dimethylaniline",aromatic amine,121.19,226,50,1.075,,CC1=C(C=C(C=C1)N)C
486,486,478.0,"3,5-dimethylaniline",aromatic amine,121.19,218,8,0.972,1.557,CC1=CC(=CC(=C1)N)C
487,487,479.0,"N,N-dimethylaniline",aromatic amine,121.19,193.5,2,0.956,1.557,CN(C)C1=CC=CC=C1
488,488,480.0,"N,2-dimethylaniline",aromatic amine,121.19,190.5,,0.981,1.5585,CC1=CC=CC=C1NC
489,489,481.0,"N,3-dimethylaniline",aromatic amine,121.19,205,,0.957,1.556,CC1=CC(=CC=C1)NC
490,490,482.0,"2,3-dimethylanisole",aromatic ether,136.19,195,29,0.984,1.52,CC1=C(C(=CC=C1)OC)C
491,491,483.0,"2,4-dimethylanisole",aromatic ether,136.19,191,,0.973,1.514,CC1=CC(=C(C=C1)OC)C
492,492,484.0,"2,5-dimethylanisole",aromatic ether,136.19,190,,0.965,1.514,CC1=CC(=C(C=C1)C)OC
493,493,485.0,"2,6-dimethylanisole",aromatic ether,136.19,182,,0.962,1.503,CC1=C(C(=CC=C1)C)OC
494,494,486.0,"3,4-dimethylanisole",aromatic ether,136.19,200.5,,0.974,1.517,CC1=C(C=C(C=C1)OC)C
495,495,487.0,"3,5-dimethylanisole",aromatic ether,136.19,193,-0.2,0.963,1.512,CC1=CC(=CC(=C1)OC)C
496,496,488.0,"9,10-dimethylanthracene",aromatic hydrocarbon,200.29,371,183,,,CC1=C2C=CC=CC2=C(C3=CC=CC=C13)C
497,497,489.0,"2,3-dimethylbenzoic acid",aromatic carboxylic acid,150.19,282,145,1.283,,CC1=C(C(=CC=C1)C(=O)O)C
498,498,490.0,"2,4-dimethylbenzoic acid",aromatic carboxylic acid,150.19,267,125,,,CC1=CC(=C(C=C1)C(=O)O)C
499,499,491.0,"2,5-dimethylbenzoic acid",aromatic carboxylic acid,150.19,268,133,1.06,,CC1=CC(=C(C=C1)C)C(=O)O
500,500,492.0,"2,6-dimethylbenzoic acid",aromatic carboxylic acid,150.19,,115,,,CC1=C(C(=CC=C1)C)C(=O)O
501,501,493.0,"3,4-dimethylbenzoic acid",aromatic carboxylic acid,150.19,295,164,,,CC1=C(C=C(C=C1)C(=O)O)C
502,502,494.0,"3,5-dimethylbenzoic acid",aromatic carboxylic acid,150.19,278,170,1.211,,CC1=CC(=CC(=C1)C(=O)O)C
503,503,495.0,"2,4-dimethylbenzophenone",ketone (arom.),210.28,350,,1.074,1.588,CC1=CC(=C(C=C1)C(=O)C2=CC=CC=C2)C
504,504,496.0,"3,4-dimethylbenzophenone",ketone (arom.),210.28,,46,,,CC1=C(C=C(C=C1)C(=O)C2=CC=CC=C2)C
505,505,497.0,"3,4'-dimethylbenzophenone",ketone (arom.),210.28,386.6,113.5,,,CC1=CC=C(C=C1)C(=O)C2=CC=CC(=C2)C
506,506,498.0,"4,4'-dimethylbenzophenone",ketone (arom.),210.28,200,91.5,1.18,,CC1=CC=C(C=C1)C(=O)C2=CC=C(C=C2)C
507,507,499.0,"2,3-dimethyl-1,3-butandiene",diene,82.15,68.5,-76,0.726,1.438,
508,508,500.0,"2,2-dimethylbutane",alkane,86.18,50,-100,0.649,1.369,CCC(C)(C)C
509,509,501.0,"2,2-dimethyl-1-butanol",alcohol,102.18,136.5,-15,0.828,1.4208,CCC(C)(C)CO
510,510,502.0,"2,3-dimethyl-1-butanol",alcohol,102.18,149,-14,0.83,1.419,CC(C)C(C)CO
511,511,503.0,"2,3-dimethyl-2-butanol",alcohol,102.18,120,-14,0.823,1.417,CC(C)C(C)(C)O
512,512,504.0,"3,3-dimethyl-2-butanol",alcohol,102.18,120,4.8,0.812,1.415,CC(C(C)(C)C)O
513,513,505.0,"3,3-dimethyl-1-butanol",alcohol,102.18,143,-60,0.81,1.412,CC(C)(C)CCO
514,514,506.0,"3,3-dimethyl-2-butanone",ketone,100.18,106,-53,0.801,1.396,CC(=O)C(C)(C)C
515,515,507.0,"2,3-dimethyl-1-butene",alkene,84.16,56,-158,0.68,1.389,CC(C)C(=C)C
516,516,508.0,"3,3-dimethyl-1-butene",alkene,84.16,41,-115,0.653,1.376,CC(C)(C)C=C
517,517,509.0,"2,3-dimethyl-2-butene",alkene,84.16,73,-76,0.708,1.412,CC(=C(C)C)C
518,518,510.0,dimethyl carbonate,carbonic acid ester,90.08,90,3,1.069,1.368,COC(=O)OC
519,519,511.0,"1,1-dimethylcylcohexane",alkane,112.21,119,-33.3,0.777,1.428,
520,520,512.0,"cis-1,2-dimethylcylcohexane",alkane,112.21,129.5,-90,0.796,1.436,
521,521,513.0,"trans-1,2-dimethylcylcohexane",alkane,112.21,123.5,-89,0.77,1.427,
522,522,514.0,"1,3-dimethylcylcohexane",alkane,112.21,122.5,,0.767,1.426,
523,523,515.0,"1,4-dimethylcylcohexane",alkane,112.21,120,-87,0.773,1.426,
524,524,516.0,"cis-1,4-dimethylcylcohexane",alkane,112.21,124.5,-87.5,0.783,1.429,
525,525,517.0,dimethyl ether,ether,46.07,-24.8,-141,0.6648,1.3288,COC
526,526,518.0,"N,N-dimethylformamide",amide,73.09,153,-61,0.944,1.43,CN(C)C=O
527,527,519.0,dimethyl phthalate,ester (arom.),194.19,282,2,1.19,1.515,COC(=O)C1=CC=CC=C1C(=O)OC
528,528,520.0,"2,2-dimethylpropane",alkane,72.15,10,,0.613,1.3476,CC(C)(C)C
529,529,521.0,"2,2-dimethyl-1-propanol",alcohol,88.15,113.5,54,0.818,1.425,CC(C)(C)CO
530,530,522.0,dimethyl succinate,ester,146.13,200,19,1.117,1.419,COC(=O)CCC(=O)OC
531,531,53.0,dimethyl sulfoxide,sulfoxide,78.13,189,18,1.10,1.479,CS(=O)C
532,532,524.0,(+)-dimethyltartrate,estere,178.14,280,60,1.4,1.47,
533,533,525.0,"1,4-dioxane",ether,88.11,101,11,1.034,1.422,C1COCCO1
534,534,526.0,"1,1-diphenylacetone",ketone (arom.),210.29,,61,,1.5361,CC(=O)C(C1=CC=CC=C1)C2=CC=CC=C2
535,535,527.0,diphenylacetylene,alkyne (arom.),178.22,,60,0.99,1.606,C1=CC=C(C=C1)C#CC2=CC=CC=C2
536,536,528.0,diphenylamine,amine (arom.),169.21,302,51.5,1.165,1.6189,C1=CC=C(C=C1)NC2=CC=CC=C2
537,537,529.0,diphenyl carbonate,carbonate,214.21,301.5,80.5,1.272,,C1=CC=C(C=C1)OC(=O)OC2=CC=CC=C2
538,538,530.0,"1,2-diphenylcyclopropane",aromatic hydrocarbon,194.27,324.9,52.2,,,C1C(C1C2=CC=CC=C2)C3=CC=CC=C3
539,539,531.0,"1,1-diphenylethane",aromatic hydrocarbon,182.27,273,-18,0.9997,1.5756,CC(C1=CC=CC=C1)C2=CC=CC=C2
540,540,532.0,diphenyl ether,ether (arom.),170.2,259,26,1.073,1.579,C1=CC=C(C=C1)OC2=CC=CC=C2
541,541,533.0,dipropyl amine,amine,101.19,107.5,-63,0.738,1.405,CCCNCCC
542,542,534.0,dipropyl ether,ether,102.19,89,-123,0.736,1.38,CCCOCCC
543,543,535.0,dodecane,alkane,170.34,216,-9.6,0.75,1.421,CCCCCCCCCCCC
544,544,536.0,ethanol,alcohol,46.07,78,-114,0.789,1.36,CCO
545,545,537.0,1-ethoxynaphthalene,ether (arom.),172.23,280,5.5,1.071,1.5931,CCOC1=CC=CC2=CC=CC=C21
546,546,538.0,2-ethoxynaphthalene,ether (arom.),172.23,282,36,1.064,1.593,CCOC1=CC2=CC=CC=C2C=C1
547,547,539.0,ethyl acetate,ester,88.105,77,-84,0.902,1.3724,CCOC(=O)C
548,548,540.0,ethyl acrylate,ester,100.12,99,-71,0.918,1.406,CCOC(=O)C=C
549,549,541.0,N-ethylaniline,aethylaniline,121.19,205,-63,0.963,1.554,CCNC1=CC=CC=C1
550,550,542.0,2-ethylaniline,ethylaniline,121.19,210,-44,0.983,1.559,CCC1=CC=CC=C1N
551,551,543.0,3-ethylaniline,ethylaniline,121.19,212,-8,0.975,1.555,CCC1=CC(=CC=C1)N
552,552,544.0,4-ethylaniline,ethylaniline,121.19,216,-5,0.975,1.554,CCC1=CC=C(C=C1)N
553,553,545.0,ethylbenzene,aromatic hydrocarbon,106.17,136,-95,0.867,1.495,CCC1=CC=CC=C1
554,554,546.0,ethyl benzoate,ester (arom.),150.19,212,-34,1.045,1.504,CCOC(=O)C1=CC=CC=C1
555,555,547.0,ethyl butyrate,ester,116.18,120,-93,0.875,1.392,CCCC(=O)OCC
556,556,548.0,ethylcyclohexane,alkane,112.21,131,-111,0.788,1.432,CCC1CCCCC1
557,557,549.0,ethylene glycol,diol,62.07,197,-13,1.113,1.431,C(CO)O
558,558,550.0,ethyl fluoride,alkyl halide,48.07,-37.7,-143.2,0.901,1.3033,CCF
559,559,551.0,ethyl isobutyate,ester,116.18,112.5,-88,0.865,1.387,
560,560,552.0,ethyl methyl ether,ether,60.1,7,-113,0.725,1.342,CCOC
561,561,553.0,1-ethylnaphthalene,aromatic hydrocarbon,156.22,259,-14.5,1.008,1.606,CCC1=CC=CC2=CC=CC=C21
562,562,554.0,2-ethylnaphthalene,aromatic hydrocarbon,156.22,251.5,-70,0.992,1.599,CCC1=CC2=CC=CC=C2C=C1
563,563,555.0,ethyl propionate,ester,102.11,99,-73,0.888,1.384,CCC(=O)OCC
564,564,556.0,1-ethylpropylamine,amine,87.16,90,,0.748,1.406,CCC(CC)N
565,565,557.0,2-ethyltoluene,aromatic hydrocarbon,120.19,164,-17.5,0.887,1.505,CCC1=CC=CC=C1C
566,566,558.0,3-ethyltoluene,aromatic hydrocarbon,120.19,158.5,-95.5,0.865,1.496,CCC1=CC=CC(=C1)C
567,567,559.0,4-ethyltoluene,aromatic hydrocarbon,120.19,162,-62,0.861,1.495,CCC1=CC=C(C=C1)C
568,568,560.0,eugenol,alcohol,164.2,254,-11,1.067,1.541,COC1=C(C=CC(=C1)CC=C)O
569,569,561.0,ferrocene,metallocene,186.02,249,173,1.49,,
570,570,562.0,flouranthene,aromatic hydrobarbon,202.28,384,107.5,1.128,1.688,
571,571,563.0,fluorene,aromatic hydrocarbon,166.21,298,112.5,1.203,,C1C2=CC=CC=C2C3=CC=CC=C31
572,572,564.0,9-fluorenone,ketone (arom.),180.2,342,81.5,1.13,1.630,C1=CC=C2C(=C1)C3=CC=CC=C3C2=O
573,573,565.0,fluorobenzene,aromatic halide,96.1,85,-42,1.024,1.465,C1=CC=C(C=C1)F
574,574,566.0,formaldehyde,aldehyde,30.026,-19.1,-92,1.029,1.38,C=O
575,575,567.0,formamide,amide,45.041,210,2.5,1.134,1.447,C(=O)N
576,576,568.0,formic acid,carboxylic acid,46.025,100.5,8.3,1.22,1.37,C(=O)O
577,577,569.0,d-(-)-fructose,carbohydrate,180.16,552,105,1.459,1.5101,C(C(C(C(C(=O)CO)O)O)O)O
578,578,570.0,fulvene,alkene (conjugated),78.11,80.96,-85.43,,,C=C1C=CC=C1
579,579,571.0,furan,ether (unsat.),68.08,32,-86,0.936,1.421,C1=COC=C1
580,580,572.0,furfural,aldehyde,96.084,162,-36,1.16,1.525,C1=COC(=C1)C=O
581,581,573.0,D-(+)-galactose,carbohydrate,180.16,527,166,1.616,,
582,582,574.0,geraniol,alcohol (unsat.),154.25,104,,0.876,1.474,CC(=CCCC(=CCO)C)C
583,583,575.0,a-D-glucose,carbohydrate,180.16,,146,1.54,,C(C1C(C(C(C(O1)O)O)O)O)O
584,584,576.0,b-D-glucose,carbohydrate,180.16,,152,1.3,,C(C1C(C(C(C(O1)O)O)O)O)O
585,585,577.0,L-(+)-glutamic acid,amino acid,147.13,267,205,1.53,,C(CC(=O)O)C(C(=O)O)N
586,586,578.0,D-(-)-glutamic acid,amino acid,147.13,267,202,1.538,1.410,C(CC(=O)O)C(C(=O)O)N
587,587,579.0,L-(+)-glutamine,amino acid,146.15,266,185,,,C(CC(=O)N)C(C(=O)O)N
588,588,580.0,D-(-)-glutamine,amino acid,146.15,266,185,1.3394,,
589,589,581.0,glutaraldehyde,aldehyde,100.12,101,-10,1.014,1.43,C(CC=O)CC=O
590,590,582.0,glutaric acid,carboxylic acid,132.11,200,96.5,1.484,1.4279,C(CC(=O)O)CC(=O)O
591,591,583.0,glycerol,alcohol,92.1,290,18,1.25,1.474,C(C(CO)O)O
592,592,584.0,glycine,amino acid,75.07,,262(d),,,C(C(=O)O)N
593,593,584.1,guanine,purine,151.13,,300,1.67,,C1=NC2=C(N1)C(=O)NC(=N2)N
594,594,585.0,D-(-)-gulose,carbohydrate,180.16,,,,,C(C(C(C(C(C=O)O)O)O)O)O
595,595,586.0,heptane,alkane,75.07,98,-91,0.691,1.387,CCCCCCC
596,596,587.0,heptanoic acid,carboxylic acid,130.19,223,-10.5,0.918,1.422,CCCCCCC(=O)O
597,597,588.0,1-heptanol,alcohol,116.2,176,-36,0.822,1.424,CCCCCCCO
598,598,589.0,2-heptanol,alcohol,116.2,161,,0.817,1.42,CCCCCC(C)O
599,599,590.0,3-heptanol,alcohol,116.2,66,-70,0.818,1.421,CCCCC(CC)O
600,600,591.0,4-heptanol,alcohol,116.2,155,4.3,0.832,1.420,CCCC(CCC)O
601,601,592.0,2-heptanone,ketone,114.19,149.5,-35,0.82,1.408,CCCCCC(=O)C
602,602,593.0,3-heptanone,ketone,114.19,147.5,-39,0.818,1.408,CCCCC(=O)CC
603,603,594.0,4-heptanone,ketone,114.19,145,-33,0.817,1.407,CCCC(=O)CCC
604,604,595.0,"1,3,5-heptatriene",polyene,94.15,114,,0.764,1.5079,CC=CC=CC=C
605,605,596.0,hexachlorobenzene,aromatic halide,284.79,324.5,228,2.045,1.5691,C1(=C(C(=C(C(=C1Cl)Cl)Cl)Cl)Cl)Cl
606,606,597.0,hexachloroethane,alkyl halide,236.72,187,184,2.091,1.533,C(C(Cl)(Cl)Cl)(Cl)(Cl)Cl
607,607,598.0,"trans-1,3-hexadiene",diene,82.15,73.2,-102.4,0.701,1.4406,CCC=CC=C
608,608,599.0,"trans,cis-2,4-hexadiene",diene,82.15,83.5,-96.1,0.7185,1.456,
609,609,600.0,"trans,trans-2,4-hexadiene",diene,82.15,82.2,-44.9,0.7196,1.451,CC=CC=CC
610,610,601.0,"cis,cis-2,4-hexadiene",diene,82.15,85,-126,0.730,1.4606,CC=CC=CC
611,611,602.0,hexafluorobenzene,aromatic halide,186.08,81,3.9,1.612,1.377,C1(=C(C(=C(C(=C1F)F)F)F)F)F
612,612,603.0,hexafluoroethane,alkyl halide,138.01,-78,-100,1.607,1.206,C(C(F)(F)F)(F)(F)F
613,613,604.0,hexamethylenediamine,amine,116.21,204.6,43.5,0.89,1.439,C(CCCN)CCN
614,614,605.0,hexanal,aldehyde,100.18,130.5,-56,0.815,1.404,CCCCCC=O
615,615,606.0,hexane,alkane,86.18,68.7,-95.3,0.6603,1.375,CCCCCC
616,616,607.0,(S)-(+)-2-hexanol,alcohol,102.19,137.5,,0.818,1.415,CCCCC(C)O
617,617,608.0,2-hexanol,alcohol,102.19,137.5,,0.814,1.414,CCCCC(C)O
618,618,609.0,3-hexanol,alcohol,102.19,134.5,-70,0.819,1.415,CCCC(CC)O
619,619,610.0,2-hexanone,ketone,100.18,127,-57,0.812,1.401,CCCCC(=O)C
620,620,611.0,3-hexanone,ketone,100.18,123,-55.4,0.815,1.400,CCCC(=O)CC
621,621,612.0,hexylamine,amine,101.21,131.5,-23,0.766,1.418,CCCCCCN
622,622,613.0,1-hexyne,alkyne,82.15,75.5,-132,0.715,1.399,CCCCC#C
623,623,614.0,2-hexyne,alkyne,82.15,84.5,-91,0.731,1.414,CCCC#CC
624,624,615.0,3-hexyne,alkyne,82.15,81.5,-61.5,0.723,1.411,CCC#CCC
625,625,616.0,L-histidine,amino acid,155.16,,282,,,C1=C(NC=N1)CC(C(=O)O)N
626,626,617.0,hydrazine,inorganic,32.05,113.5,1,1.011,1.4698,NN
627,627,618.0,hydrazoic acid,inorganic mineral acid,43.03,37,-80,1.092,,N=[N+]=[N-]
628,628,619.0,hydrogen peroxide,inorganic,34.02,150.2,-0.4,1.44,1.34,OO
629,629,620.0,hydroquinone,phenol,110.1,285,173.5,1.328,1.632,C1=CC(=CC=C1O)O
630,630,621.0,hydroxylamine,inorganic amine,33.03,100,,1.078,1.39,NO
631,631,621.1,ibuprofen,carboxylic acid (arom.),206.28,,76,,,CC(C)CC1=CC=C(C=C1)C(C)C(=O)O
632,632,622.0,imidazole,alkaloid (nitrogen heterocycle),68.08,255,89,1.18,1.4808,C1=CN=CN1
633,633,623.0,1-indanone,ketone (arom.),132.18,244,39,1.103,1.561,C1CC(=O)C2=CC=CC=C21
634,634,624.0,indene,alkene (arom.),116.18,181.5,-4,0.996,1.595,C1C=CC2=CC=CC=C21
635,635,625.0,indigo,heterocyclic dye,262.27,300,,1.48,,C1=CC=C2C(=C1)C(=C(N2)C3=NC4=CC=CC=C4C3=O)O
636,636,626.0,indole,aromatic nitrogen heterocyclce,117.18,253.5,52.5,1.22,,C1=CC=C2C(=C1)C=CN2
637,637,627.0,iodoethane,alkyl halide,155.99,72,-108,1.936,1.5168,CCI
638,638,628.0,iodoform,alkyl halide,393.72,218,119.5,4.008,1.786,C(I)(I)I
639,639,629.0,iodomethane,alkyl halide,141.92,42.4,-66.4,2.279,1.5293,CI
640,640,630.0,1-iodopropane,alkyl halide,170,101,-101.5,1.743,1.504,CCCI
641,641,631.0,2-iodopropane,alkyl halide,170,89,-90,1.703,1.498,CC(C)I
642,642,632.0,DL-isoborneol,alcohol (bicyclic),154.25,,214 (d),0.992,1.502,CC1(C2CCC1(C(C2)O)C)C
643,643,633.0,isobutyl acetate,ester,116.18,116,-99,0.867,1.39,CC(C)COC(=O)C
644,644,634.0,isobutyl bromide,alkyl halide,137.01,91,-118,1.26,1.435,CC(C)CBr
645,645,635.0,isobutyl butanoate,ester,144.02,157.5,,0.861,1.403,CCCC(=O)OCC(C)C
646,646,636.0,isobutyl ether,ether,130.23,130.8,-101,0.75,1.39,CC(C)COCC(C)C
647,647,637.0,isoleucine,amino acid,131.17,,280,,,CCC(C)C(C(=O)O)N
648,648,638.0,"isooctane (2,2,4-trimethylpent.)",alkane,114.23,98.5,-1,0.692,1.391,
649,649,639.0,isopentyl acetate,ester,130.19,142,-78,0.876,1.402,CC(C)CCOC(=O)C
650,650,640.0,isopentyl amine,amine,87.16,06,-68,0.751,1.408,CC(C)CCN
651,651,641.0,isopentyl butanoate,ester,158.24,184.5,-73.2,0.862,1.411,CCCC(=O)OCCC(C)C
652,652,642.0,isopentyl formate,ester,116.16,123.5,-93,0.859,1.397,CC(C)CCOC=O
653,653,643.0,isophthalic acid,carboxylic acid (arom.),166.12,,342,1.54,,C1=CC(=CC(=C1)C(=O)O)C(=O)O
654,654,644.0,isoprene,alkene,68.12,34,-146,0.681,1.422,CC(=C)C=C
655,655,645.0,isopropyl acetate,ester,102.11,88,-73,0.872,1.377,CC(C)OC(=O)C
656,656,646.0,isopropyl amine,amine,59.11,33.5,-101,0.688,1.374,CC(C)N
657,657,647.0,isovaleraldehyde,aldehyde,86.13,90,-60,0.803,1.388,CC(C)CC=O
658,658,648.0,isovaleric acid,carboxylic acid,102.11,176,-29,0.925,1.403,CC(C)CC(=O)O
659,659,649.0,ketene,ketene,42.04,-56,-134.1,0.65,1.4355,C=C=O
660,660,650.0,lactic acid,carboxylic acid,90.09,122,16.8,1.357,1.4392,CC(C(=O)O)O
661,661,651.0,lactose,carbohydrate,342.3,,218,1.537,,C(C1C(C(C(C(O1)OC2C(OC(C(C2O)O)O)CO)O)O)O)O
662,662,652.0,L-leucine,amino acid,131.19,,300,1.165,,CC(C)CC(C(=O)O)N
663,663,653.0,lidocaine,amide (arom.),234.34,351,70,1.04,,CCN(CC)CC(=O)NC1=C(C=CC=C1C)C
664,664,654.0,R-limonene,alkene,136.24,175,-89,0.86,1.473,CC(=C)C1CCC2(OC(C1)OO2)C
665,665,655.0,L-limonene,alkene,136.24,176,-90,0.844,1.471,CC1=CCC(CC1)C(=C)C
666,666,656.0,lindane,alkyl halide,290.82,323.4,114,1.777,1.5299,C1(C(C(C(C(C1Cl)Cl)Cl)Cl)Cl)Cl
667,667,657.0,linoleic acid,carboxylic acid,280.48,229.5,-5,0.902,1.466,CCCCCC=CCC=CCCCCCCCC(=O)O
668,668,658.0,DL-lysine,amino acid,146.19,,170,,,C(CCN)CC(C(=O)O)N
669,669,659.0,malathion,organophosphate,330.36,156,2.8,1.232,1.5002,CCOC(=O)CC(C(=O)OCC)SP(=S)(OC)OC
670,670,660.0,maleic acid,carboxylic acid (unsat. di),116.08,256,131,1.59,,C(=CC(=O)O)C(=O)O
671,671,661.0,maleic anhydride,anhydride (unsat.),98.06,200,53.5,1.48,1.4476,C1=CC(=O)OC1=O
672,672,662.0,malic acid,carboxylic acid,134.09,306,132,1.601,,C(C(C(=O)O)O)C(=O)O
673,673,663.0,malonic acid,carboxylic acid (di),104.08,387,136,1.669,,C(C(=O)O)C(=O)O
674,674,664.0,D-maltose,carbohydrate,342.3,,494,1.532,,C(C1C(C(C(C(O1)OC2C(OC(C(C2O)O)O)CO)O)O)O)O
675,675,665.0,mandelic acid,carboxylic acid (arom.),152.15,322,118,1.361,1.5204,C1=CC=C(C=C1)C(C(=O)O)O
676,676,666.0,D-mannose,carbohydrate,180.16,376,133,1.539,,C(C1C(C(C(C(O1)O)O)O)O)O
677,677,667.0,melamine,"heterocycle, amine",126.12,,300,1.573,,C1(=NC(=NC(=N1)N)N)N
678,678,668.0,menthol,alcohol,156.12,216,31,0.89,1.4615,CC1CCC(C(C1)O)C(C)C
679,679,669.0,(-)-menthone,ketone,154.25,208.5,6,0.881,1.442,CC1CCC(C(=O)C1)C(C)C
680,680,670.0,mescaline,"amine (arom.), ether",211.26,,35.5,,,COC1=CC(=CC(=C1OC)OC)CCN
681,681,671.0,mesitaldehyde,aldehyde (arom.),148.2,237,11,1.005,1.553,CC1=CC(=C(C(=C1)C)C=O)C
682,682,672.0,mesitylene,aromatic hydrocarbon,120.19,164.5,-45,0.864,1.499,CC1=CC(=CC(=C1)C)C
683,683,673.0,methane,alkane,16.043,-161.48,-182.47,,,C
684,684,674.0,methanethiol,thiol,48.1,6,-123,,,CS
685,685,675.0,methanol-d1,alcohol,33.048,66.5,-98,0.813,1.327,CO
686,686,676.0,L-methionine,amino acid,149.2,,283d,1.34,,CSCCC(C(=O)O)N
687,687,677.0,2-methoxyacetophenone,ketone (arom.),150.18,122.5,7.5,1.09,1.537,COCC(=O)C1=CC=CC=C1
688,688,678.0,3-methoxyacetophenone,ketone (arom.),150.18,240,-8,1.094,1.542,CC(=O)C1=CC(=CC=C1)OC
689,689,679.0,4-methoxyacetophenone,ketone (arom.),150.18,258,38,1.08,,CC(=O)C1=CC=C(C=C1)OC
690,690,680.0,2-methoxybenzoic acid,carboxylic acid (arom.),152.15,280,99,1.38,,COC1=CC=CC=C1C(=O)O
691,691,681.0,3-methoxybenzoic acid,carboxylic acid (arom.),152.15,171,106,1.14,,COC1=CC=CC(=C1)C(=O)O
692,692,682.0,4-methoxybenzoic acid,carboxylic acid (arom.),152.15,275,183.5,138.5,,COC1=CC=C(C=C1)C(=O)O
693,693,683.0,2-methoxybenzonitrile,nitrile (arom.),133.15,135,-24.5,1.093,,COC1=CC=CC=C1C#N
694,694,684.0,3-methoxybenzonitrile,nitrile (arom.),133.15,111.5,23,1.089,1.54,COC1=CC=CC(=C1)C#N
695,695,685.0,4-methoxybenzonitrile,nitrile (arom.),133.15,256.5,58,,,COC1=CC=C(C=C1)C#N
696,696,686.0,2-methoxybenzophenone,ketone (arom.),212.3,,37,,,COC1=CC=CC=C1C(=O)C2=CC=CC=C2
697,697,687.0,3-methoxybenzophenone,ketone (arom.),212.3,,44,,,COC1=CC=CC(=C1)C(=O)C2=CC=CC=C2
698,698,688.0,4-methoxybenzophenone,ketone (arom.),212.3,355,61.5,,,COC1=CC=C(C=C1)C(=O)C2=CC=CC=C2
699,699,689.0,2-methoxybiphenyl,ether (arom.),184.24,274,31.5,1.023,1.61,COC1=CC=CC=C1C2=CC=CC=C2
700,700,690.0,4-methoxybiphenyl,ether (arom.),184.24,,88,,,COC1=CC=C(C=C1)C2=CC=CC=C2
701,701,691.0,1-methoxynaphthalene,ether (arom.),158.19,136,5,1.09,1.621,COC1=CC=CC2=CC=CC=C21
702,702,692.0,2-methoxynaphthalene,ether (arom.),158.19,274,71.5,1.064,,COC1=CC2=CC=CC=C2C=C1
703,703,693.0,3-methoxyphenol,phenol,124.13,114,-17,1.131,1.552,COC1=CC=CC(=C1)O
704,704,694.0,4-methoxyphenol,phenol,124.13,243,56,1.55,,COC1=CC=C(C=C1)O
705,705,695.0,2-methoxypropane,ether,74.12,32,,0.7383,1.3576,CC(C)OC
706,706,696.0,N-methylacetanilide,amide (arom.),141.19,227,101,,,CC(=O)N(C)C1=CC=CC=C1
707,707,697.0,3-methylacetanilide,amide (arom.),141.19,303,66,1.141,,CC1=CC(=CC=C1)NC(=O)C
708,708,968.0,4-methylacetanilide,amide (arom.),141.19,307,150,1.22,,CC1=CC=C(C=C1)NC(=O)C
709,709,699.0,methyl acetate,ester,74.08,57.5,-98,0.932,1.361,CC(=O)OC
710,710,700.0,2-methylacetophenone,ketone (arom.),134.19,214,,1.026,1.532,CC1=CC=CC=C1C(=O)C
711,711,701.0,3-methylacetophenone,ketone (arom.),134.19,219,-9,0.986,1.529,CC1=CC(=CC=C1)C(=O)C
712,712,702.0,4-methylacetophenone,ketone (arom.),134.19,226,23,1.005,1.533,CC1=CC=C(C=C1)C(=O)C
713,713,703.0,methyl acrylate,ester,86.09,80,-75,0.956,1.402,COC(=O)C=C
714,714,704.0,methanol,alcohol,32.04,64.7,-98,0.791,1.329,CO
715,715,705.0,methylamine,amine,31.06,-6.3,-93,0.785,1.371,CN
716,716,706.0,methyl p-anisate,ester,166.19,244.5,50,,,COC1=CC=C(C=C1)C(=O)OC
717,717,707.0,2-methylanisole,ether (arom.),122.18,171,,0.985,1.516,CC1=CC=CC=C1OC
718,718,708.0,3-methylanisole,ether (arom.),122.18,175.5,-47,0.969,1.513,CC1=CC(=CC=C1)OC
719,719,709.0,4-methylanisole,ether (arom.),122.18,174,-36,0.969,1.511,CC1=CC=C(C=C1)OC
720,720,710.0,1-methylanthracene,aromatic hydrocarbon,192.27,363,87,,,CC1=CC=CC2=CC3=CC=CC=C3C=C12
721,721,711.0,2-methylanthracene,aromatic hydrocarbon,192.27,354,205,1.181,,CC1=CC2=CC3=CC=CC=C3C=C2C=C1
722,722,712.0,9-methylanthracene,aromatic hydrocarbon,192.27,,79,1.066,1.696,CC1=C2C=CC=CC2=CC3=CC=CC=C13
723,723,713.0,methyl anthranilate,ester (arom.),151.18,256,24,1.168,1.582,COC(=O)C1=CC=CC=C1N
724,724,714.0,methyl benzoate,ester (arom.),136.13,198.5,-12,1.088,1.516,COC(=O)C1=CC=CC=C1
725,725,715.0,2-methylbenzophenone,ketone (arom.),196.25,126,28,1.083,1.596,CC1=CC=CC=C1C(=O)C2=CC=CC=C2
726,726,716.0,3-methylbenzophenone,ketone (arom.),196.25,184,1,1.095,1.597,CC1=CC(=CC=C1)C(=O)C2=CC=CC=C2
727,727,717.0,4-methylbenzophenone,ketone (arom.),196.25,326,56.8,0.993,,CC1=CC=C(C=C1)C(=O)C2=CC=CC=C2
728,728,718.0,2-methyl-1-butanol,alcohol,88.15,130,-70,0.815,1.41,CCC(C)CO
729,729,719.0,3-methyl-1-butanol,alcohol,88.15,130,-117,0.809,1.406,CC(C)CCO
730,730,720.0,2-methyl-2-butanol,alcohol,88.15,102,-8.4,0.827,1.4047,CCC(C)(C)O
731,731,721.0,3-methyl-2-butanol,alcohol,88.15,112,,0.818,1.409,CC(C)C(C)O
732,732,722.0,3-methyl-2-butanone,ketone,86.13,94,-92,0.8046,1.3887,CC(C)C(=O)C
733,733,723.0,2-methyl-1-butene,alkene,70.13,31,-137,0.65,1.378,CCC(=C)C
734,734,724.0,3-methyl-1-butene,alkene,70.13,20,-168.3,0.627,1.3643,CC(C)C=C
735,735,725.0,2-methyl-2-butene,alkene,70.13,39,-124,0.6623,1.3874,CC=C(C)C
736,736,726.0,2-methyl-3-butyn-2-ol,alkyne (hydroxy),84.12,104,2.6,0.868,1.42,CC(C)(C#C)O
737,737,727.0,methyl butyrate,ester,102.11,102.5,-84,0.898,1.385,CCCC(=O)OC
738,738,728.0,methyl cinnamate,ester (arom.),162.19,261,35.5,1.0672,1.58,COC(=O)C=CC1=CC=CC=C1
739,739,729.0,methylcyclohexane,alkane,98.19,101,-126,0.77,1.422,CC1CCCCC1
740,740,731.0,cis-2-methylcyclohexanol,alcohol,114.19,164.5,-38,0.93,1.462,CC1CCCCC1O
741,741,732.0,2-methylcyclohexanone,ketone,112.19,162.5,-14,0.924,1.448,CC1CCCCC1=O
742,742,733.0,3-methylcyclohexanone,ketone,112.19,169.5,-73,0.914,1.446,CC1CCCC(=O)C1
743,743,734.0,4-methylcyclohexanone,ketone,112.19,170,-41,0.914,1.444,CC1CCC(=O)CC1
744,744,735.0,1-methylcyclohexene,alkene,96.17,110.5,-120.4,0.811,1.45,CC1=CCCCC1
745,745,736.0,3-methylcyclohexene,alkene,96.17,104,-124,0.805,1.4439,CC1CCCC=C1
746,746,737.0,4-methylcyclohexene,alkene,96.17,101.5,-115.5,0.799,1.441,CC1CCC=CC1
747,747,738.0,methylene blue,heterocyclic aromatic salt,319.86,,190 (d),1.0,1.347,CN(C)C1=CC2=C(C=C1)N=C3C=CC(=[N+](C)C)C=C3S2.[Cl-]
748,748,739.0,methylenecyclohexane,alkene,96.17,102.5,-106.7,0.8,1.449,C=C1CCCCC1
749,749,740.0,methyl fluoride,alkyl halide,34.03,-78.4,-141.8,0.557,1.3163,CF
750,750,741.0,methyl formate,ester,60.05,33,-100,0.974,1.343,COC=O
751,751,742.0,2-methyl heptane,alkane,114.22,116,-109,0.698,1.395,
752,752,743.0,methyl hexanonate,ester,130.19,151,-71,0.885,1.405,
753,753,744.0,methyl iodide,alkyl halide,141.94,42.3,-66.4,2.279,1.5293,CI
754,754,745.0,methyl isobutyrate,ester,102.11,90,-85,0.891,1.384,CC(C)C(=O)OC
755,755,746.0,"2-methyl-1,3-pentadiene",diene,82.15,75,,0.722,1.4422,CC=CC(=C)C
756,756,747.0,"cis-2-methyl-1,3-pentadiene",diene,82.15,64.5,-117.6,,14451,
757,757,748.0,"4-methyl-1,3-pentadiene",diene,82.15,76.5,-137,0.7181,1.452,CC(=CC=C)C
758,758,749.0,2-methylpentane,alkane,86.19,62,-154,0.653,1.371,CCCC(C)C
759,759,750.0,3-methylpentane,alkane,86.18,64,-118,0.664,1.376,CCC(C)CC
760,760,751.0,2-methyl-1-pentanol,alcohol,102.19,148,,0.824,1.418,CCCC(C)CO
761,761,752.0,3-methyl-2-pentanol,alcohol,102.19,132.5,-85,0.831,1.421,CCC(C)C(C)O
762,762,753.0,4-methyl-2-pentanol,alcohol,102.19,132,-90,0.802,1.41,CC(C)CC(C)O
763,763,754.0,2-methyl-3-pentanol,alcohol,102.19,128,-53,0.819,1.417,CCC(C(C)C)O
764,764,755.0,3-methyl-1-pentanol,alcohol,102.19,151.5,-70,0.823,1.418,CCC(C)CCO
765,765,756.0,4-methyl-1-pentanol,alcohol,102.19,162.5,-70,0.821,1.414,CC(C)CCCO
766,766,757.0,3-methyl-3-pentanol,alcohol,102.19,123,-38,0.824,1.418,CCC(C)(CC)O
767,767,758.0,4-methyl-2-pentanone,ketone,100.18,117.5,-80,0.801,1.395,CC(C)CC(=O)C
768,768,759.0,3-methyl-2-pentanone,ketone,100.18,118,-83,0.815,1.4012,CCC(C)C(=O)C
769,769,760.0,2-methyl-3-pentanone,ketone,100.18,113,-69,0.811,1.397,CCC(=O)C(C)C
770,770,761.0,2-methylpropane,alkane,58.13,-12,-160,,1.3518,CC(C)C
771,771,762.0,2-methyl-1-propanol,alcohol,74.12,108,-108,0.803,1.396,CC(C)CO
772,772,763.0,methyl propionate,ester,88.11,79,-88,0.915,1.376,CCC(=O)OC
773,773,764.0,4-methylpropiophenone,ketone (arom.),148.2,238.5,91,0.993,1.528,CCC(=O)C1=CC=C(C=C1)C
774,774,765.0,methyl stearate,ester,298.53,181.5,39,1.007,1.4558,CCCCCCCCCCCCCCCCCC(=O)OC
775,775,766.0,3-methylstyrene,alkene (arom.),118.19,170.5,-81.5,0.89,1.541,CC1=CC(=CC=C1)C=C
776,776,767.0,4-methylstyrene,alkene (arom.),118.19,172.5,-34,0.897,1.542,CC1=CC=C(C=C1)C=C
777,777,768.0,methyl m-toluate,ester,150.19,113,,1.063,1.516,CC1=CC(=CC=C1)C(=O)OC
778,778,769.0,methyl p-toluate,ester,150.19,103.5,33.5,1.06,,CC1=CC=C(C=C1)C(=O)OC
779,779,770.0,N-methyl urea,urea,74.09,240,100,1.204,,CNC(=O)N
780,780,771.0,methyl valerate,ester,116.18,128,-91,0.875,1.397,CCCCC(=O)OC
781,781,772.0,morphine,opiod (organic heterocyclic),285.35,,254,1.31,,CN1CCC23C4C1CC5=C2C(=C(C=C5)O)OC3C(C=C4)O
782,782,773.0,morpholine,heterocyclic base,87.12,129,-6,0.996,1.454,C1COCCN1
783,783,774.0,myrcene,diene,136.24,167,,0.791,1.469,CC(=CCCC(=C)C=C)C
784,784,775.0,myristic acid,carboxylic acid (fatty acid),228.39,250,53,0.8622,1.4305,CCCCCCCCCCCCCC(=O)O
785,785,776.0,myristicin,benzodioxoles,192.22,277,-20,1.1437,1.5403,COC1=CC(=CC2=C1OCO2)CC=C
786,786,777.0,1-naphthaldehyde,aldehyde (arom.),156.19,160.5,1.5,1.15,1.652,C1=CC=C2C(=C1)C=CC=C2C=O
787,787,778.0,2-naphthaldehyde,aldehyde (arom.),156.19,,59.5,1.078,1.6211,C1=CC=C2C=C(C=CC2=C1)C=O
788,788,779.0,1-naphthaleneacetic acid,carboxylic acid (arom.),186.2,352,130.3,1.263,,C1=CC=C2C(=C1)C=CC=C2CC(=O)O
789,789,780.0,1-naphthoic acid,carboxylic acid (arom.),172.19,300,158.5,1.398,1.46,C1=CC=C2C(=C1)C=CC=C2C(=O)O
790,790,781.0,2-naphthoic acid,carboxylic acid (arom.),172.19,333,186,1.382,,C1=CC=C2C=C(C=CC2=C1)C(=O)O
791,791,782.0,1-naphthol,phenol,144.19,284,92,1.224,1.6224,C1=CC=C2C(=C1)C=CC=C2O
792,792,783.0,2-naphthol,phenol,144.19,285.5,121,1.217,1.548,C1=CC=C2C=C(C=CC2=C1)O
793,793,784.0,2-naphthylamine,amine (arom.),143.19,306,112,1.061,1.6493,C1=CC=C2C=C(C=CC2=C1)N
794,794,785.0,nepetalactone,bicyclic monoterpenoid,166.12,,25,1.04,1.4878,CC1CCC2C1C(=O)OC=C2C
795,795,786.0,S-(-)-nicotine,alkaloid (arom. amine),162.22,247,-79,1.01,1.5282,CN1CCCC1C2=CN=CC=C2
796,796,787.0,ninhydrin,diketone (arom.),178.13,351,254,0.862,,C1=CC=C2C(=C1)C(=O)C(C2=O)(O)O
797,797,788.0,nitrobenzene,aromatic nitro cmpd.,123.1,210.5,5.5,1.196,1.551,C1=CC=C(C=C1)[N+](=O)[O-]
798,798,789.0,nitromethane,alkyl nitro cmpd.,61.04,101.2,-29,1.127,1.382,C[N+](=O)[O-]
799,799,790.0,2-nitrotoluene,aromatic nitro cmpd.,137.13,225,-3.5,1.163,1.546,CC1=CC=CC=C1[N+](=O)[O-]
800,800,791.0,3-nitrotoluene,aromatic nitro cmpd.,137.13,230.5,15,1.157,1.541,CC1=CC(=CC=C1)[N+](=O)[O-]
801,801,792.0,4-nitrotoluene,aromatic nitro cmpd.,137.13,238,53,1.104,1.5382,CC1=CC=C(C=C1)[N+](=O)[O-]
802,802,793.0,nonane,alkane,128.28,151,-53,0.718,1.405,CCCCCCCCC
803,803,794.0,octane,alkane,114.22,126,-57,0.703,1.398,CCCCCCCC
804,804,795.0,1-octanol,alcohol,130.23,196,-15,0.827,1.429,CCCCCCCCO
805,805,796.0,(R)-(-)-2-octanol,alcohol,130.23,175,,0.820,1.426,CCCCCCC(C)O
806,806,797.0,(S)-(+)-2-octanol,alcohol,130.23,175,,0.822,1.426,CCCCCCC(C)O
807,807,798.0,3-octanol,alcohol,130.23,176,-45,0.818,1.426,CCCCCC(CC)O
808,808,799.0,4-octanol,alcohol,130.23,176,-39,0.835,1.424,CCCCC(CCC)O
809,809,800.0,oleic acid,carboxylic acid,282.46,360,13.5,0.887,1.377,CCCCCCCCC=CCCCCCCCC(=O)O
810,810,801.0,oxalic acid,carboxylic acid (di),90.035,365,189.5,0.99,,C(=O)(C(=O)O)O
811,811,802.0,oxalyl chloride,acid chloride,126.93,63.5,-9,1.5,1.429,C(=O)(C(=O)Cl)Cl
812,812,803.0,oxazole,azole (arom. heterocycle),69.063,69.5,-85.5,1.05,1.425,C1=COC=N1
813,813,804.0,palmitic acid,carboxylic acid,256.41,271.5,61.8,0.852,1.4281,CCCCCCCCCCCCCCCC(=O)O
814,814,805.0,papaverine (HCl),benzylisoquinoline alkaloid,339.39,475,226,1.337,,
815,815,806.0,paraldehyde,trioxane,132.16,124,12,0.994,1.39,CC1OC(OC(O1)C)C
816,816,807.0,parathion,organic thiophosphate,291.26,375,6,1.270,1.5330,CCOP(=S)(OCC)OC1=CC=C(C=C1)[N+](=O)[O-]
817,817,808.0,pentacene,aromatic hydrocarbon,278.34,,300,1.3,,C1=CC=C2C=C3C=C4C=C5C=CC=CC5=CC4=CC3=CC2=C1
818,818,809.0,"cis-1,3-pentadiene",diene,68.12,44,-141,0.691,1.437,CC=CC=C
819,819,810.0,"trans-1,3-pentadiene",diene,68.12,42,-87,0.683,1.43,CC=CC=C
820,820,811.0,1.4-pentadiene,diene,68.12,26,-148,0.659,1.389,
821,821,812.0,pentanamide,amide,101.15,225,104,1.023,1.4155,CCCCC(=O)N
822,822,813.0,pentane,alkane,72.15,36.1,-129.7,0.6262,1.358,CCCCC
823,823,814.0,"2,3-pentadione",ketone,100.11,111,-52,0.957,1.404,CCC(=O)C(=O)C
824,824,815.0,1-pentanol,alcohol,88.15,137,-38,0.811,1.409,CCCCCO
825,825,816.0,R-(-)-2-pentanol,alcohol,88.15,119.5,,0.809,1.406,
826,826,817.0,3-pentanol,alcohol,88.15,114.5,-8,0.815,1.41,CCC(CC)O
827,827,818.0,2-pentanone,ketone,86.13,101,-78,0.809,1.3903,CCCC(=O)C
828,828,819.0,3-pentanone,ketone,86.13,101.5,-42,0.813,1.392,CCC(=O)CC
829,829,820.0,1-pentene,alkene,70.13,30,-165,0.641,1.371,CCCC=C
830,830,821.0,cis-2-pentene,alkene,70.13,37.5,-180,0.65,1.382,CCC=CC
831,831,822.0,trans-2-pentene,alkene,70.13,37,-140,0.649,1.379,CCC=CC
832,832,823.0,pentyl acetate,ester,130.19,145.5,-100,0.876,1.402,CCCCCOC(=O)C
833,833,824.0,pentylamine,amine,87.16,104,-50,0.752,1.411,CCCCCN
834,834,825.0,perylene,aromatic hydrocarbon,252.31,443,275,1.362,,C1=CC2=C3C(=C1)C4=CC=CC5=C4C(=CC=C5)C3=CC=C2
835,835,826.0,a-phellandrene,diene (terpene),136.24,185.6,,0.85,1.474,CC1=CCC(C=C1)C(C)C
836,836,827.0,phenacetin,amide (arom.),179.21,355,134.5,,1.505,CCOC1=CC=C(C=C1)NC(=O)C
837,837,828.0,phenanthrene,aromatic hydrocarbon,178.22,340,99,1.063,1.5953,C1=CC=C2C(=C1)C=CC3=CC=CC=C32
838,838,829.0,phenetole,ether (arom.),122.18,169.5,-30,0.966,1.507,CCOC1=CC=CC=C1
839,839,830.0,phenobarbital,barbiturate,232.24,,176,1.352,1.5299,CCC1(C(=O)NC(=O)NC1=O)C2=CC=CC=C2
840,840,831.0,phenol,phenol,94.11,181.9,40.9,1.071,1.5425,C1=CC=C(C=C1)O
841,841,832.0,phenolphthalein,phenol,320.33,,260,1.3,1.57,C1=CC=C2C(=C1)C(=O)OC2(C3=CC=C(C=C3)O)C4=CC=C(C=C4)O
842,842,833.0,phenyl acetate,ester (arom.),136.18,196,,1.073,1.501,CC(=O)OC1=CC=CC=C1
843,843,834.0,phenyl acetic acid,carboxylic acid (arom.),136.18,265,77,1.081,1.5025,C1=CC=C(C=C1)CC(=O)O
844,844,835.0,phenyl acetylene,alkyne (arom.),102.12,143,-44.8,0.93,1.549,C#CC1=CC=CC=C1
845,845,836.0,L-phenylalanine,amino acid,165.2,313,272.5,1.2,,C1=CC=C(C=C1)CC(C(=O)O)N
846,846,837.0,D-phenylalanine,amino acid,165.2,,283,1.34,,C1=CC=C(C=C1)CC(C(=O)O)N
847,847,838.0,9-phenylanthracene,aromatic hydrocarbon,254.32,417,154,,,C1=CC=C(C=C1)C2=C3C=CC=CC3=CC4=CC=CC=C42
848,848,839.0,phenyl benzoate,ester (arom.),198.21,298.5,69,1.041,1.5502,C1=CC=C(C=C1)C(=O)OC2=CC=CC=C2
849,849,840.0,2-phenylethanol,alcohol (arom.),122.18,220,-27,1.02,1.532,C1=CC=C(C=C1)CCO
850,850,841.0,b-phenethylamine,amine (arom.),121.19,197.5,,0.962,1.533,C1=CC=C(C=C1)CCN
851,851,842.0,1- phenethylamine,amine (arom.),121.19,185,-65,0.94,1.526,
852,852,843.0,2-phenyl-2-propanol,alcohol (arom.),136.2,202,30,0.973,1.52,CC(C)(C1=CC=CC=C1)O
853,853,844.0,phenyl salicylate,ester (arom.),214.21,172.5,42,1.307,,C1=CC=C(C=C1)OC(=O)C2=CC=CC=C2O
854,854,845.0,3-phenyl toluene,aromatic hydrocarbon,168.23,282,28.5,1.018,1.602,
855,855,846.0,4-phenyl toluene,aromatic hydrocarbon,168.23,267.5,45.5,1.015,,
856,856,847.0,phthalic acid,carboxylic acid (arom.),166.12,316,79,1.576,,C1=CC=C(C(=C1)C(=O)O)C(=O)O
857,857,848.0,phthalic anhydride,anhydride (arom.),148.11,284,132.4,1.545,,C1=CC=C2C(=C1)C(=O)OC2=O
858,858,849.0,picric acid,nitro phenol,229.11,255,122.5,1.76,1.763,C1=C(C=C(C(=C1[N+](=O)[O-])O)[N+](=O)[O-])[N+](=O)[O-]
859,859,850.0,a-pinene,alkene (bicyclic),216.37,155,-50,0.858,1.4657,CC1=CC2CC(C1)C2(C)C
860,860,851.0,piperazine,amine,86.14,145.5,110.5,1.26,1.446,C1CNCCN1
861,861,852.0,piperidine,amine,86.15,106,-13,0.862,1.452,C1CCNCC1
862,862,853.0,piperonal,aldehyde (arom.),150.12,264,37,1.279,,C1OC2=C(O1)C=C(C=C2)C=O
863,863,854.0,pivalic acid,carboxylic acid,102.11,163.5,33.5,0.889,1.393,CC(C)(C)C(=O)O
864,864,855.0,polystyrene,polymer (arom.),104.15,,212,1.06,1.5916,
865,865,856.0,progesterone,steroid,314.48,,130,1.17,1.5204,CC(=O)C1CCC2C1(CCC3C2CCC4=CC(=O)CCC34C)C
866,866,857.0,L-(-)-proline,amino acid,115.13,250,149.5,,,C1CC(NC1)C(=O)O
867,867,858.0,"R-(-)-1,2-propanediol",diol,76.09,187,,1.04,1.434,CC(CO)O
868,868,859.0,"S-(+)-1,2-propanediol",diol,76.09,187,,1.036,1.432,
869,869,860.0,"1,3-propanediol",diol,76.09,214,-27,1.053,1.44,C(CO)CO
870,870,861.0,1-propanol,alcohol,60.1,97,-127,0.804,1.384,CCCO
871,871,862.0,2-propanol,alcohol,60.1,82,-89.5,0.785,1.377,CC(C)O
872,872,863.0,propionaldehyde,aldehyde,58.08,48,-81,0.805,1.362,CCC=O
873,873,864.0,propionamide,amide,73.09,213,-77.5,1.042,1.413,CCC(=O)N
874,874,865.0,propionic acid,carboxylic acid,74.08,141,-23.5,0.993,1.386,CCC(=O)O
875,875,866.0,propionitrile,nitrile,55.08,97,-93,0.772,1.366,CCC#N
876,876,867.0,propiophenone,ketone (arom.),134.19,218,18,1.009,1.526,CCC(=O)C1=CC=CC=C1
877,877,868.0,propyl acetate,ester,102.11,102,-95,0.888,1.384,CCCOC(=O)C
878,878,869.0,propyl benzene,aromatic hydrocarbon,120.19,159,-99,0.862,1.491,CCCC1=CC=CC=C1
879,879,870.0,propyl benzoate,ester(arom.),164.2,229.5,-52,1.026,1.501,CCCOC(=O)C1=CC=CC=C1
880,880,871.0,propyl butyrate,ester,130.19,142.5,-95,0.873,1.406,CCCC(=O)OCCC
881,881,872.0,propylene,alkene,42.08,-47.7,-185,0.651,1.3567,CC=C
882,882,873.0,propylene glycol,diol,76.09,187,-60,1.036,1.432,CC(CO)O
883,883,874.0,propyl formate,ester,88.11,80.5,-93,0.904,1.375,CCCOC=O
884,884,875.0,propyne,alkyne,40.07,-23.2,-102.7,0.645,,CC#C
885,885,876.0,pyrazine,heterocycle (arom.),80.09,115.5,53,1.031,1.4953,C1=CN=CC=N1
886,886,877.0,pyrazole,amine (heterocyclic arom.),68.08,187,68.5,0.989,1.4203,C1=CNN=C1
887,887,878.0,pyrene,aromatic hydrocarbon,202.28,404,146.5,1.27,1.5102,C1=CC2=C3C(=C1)C=CC4=CC=CC(=C43)C=C2
888,888,879.0,pyridine,aromatic amine,79.1,115,-42,0.978,1.509,C1=CC=NC=C1
889,889,880.0,pyridine N-oxide,aromatic heterocyclic oxide,95.1,270,64.5,,1.6118,C1=CC=[N+](C=C1)[O-]
890,890,881.0,pyrimidine,heterocycle (arom.),80.09,123.5,20.5,1.016,,C1=CN=CN=C1
891,891,882.0,pyrrole,amine (heterocyclic arom.),67.09,131,-23,0.967,1.508,C1=CNC=C1
892,892,883.0,pyrrolidine,amine,71.12,87.5,-63,0.852,1.443,C1CCNC1
893,893,884.0,pyruvic acid,keto acid,88.06,165,11.5,1.267,1.428,CC(=O)C(=O)O
894,894,885.0,quinoline,heterocycle (arom.),129.18,113,-15,1.093,1.625,C1=CC=C2C(=C1)C=CC=N2
895,895,886.0,resorcinol,phenol,110.1,178,110.5,1.272,1.5404,C1=CC(=CC(=C1)O)O
896,896,887.0,13-cis-retinal,aldehyde (unsat.),284.44,371,78,1.055,,CC1=C(C(CCC1)(C)C)C=CC(=CC=CC(=CC=O)C)C
897,897,887.0,rhodamine-110,aromatic salt (chloride),366.79,,>300,,,C1=CC=C(C(=C1)C2=C3C=CC(=[NH2+])C=C3OC4=C2C=CC(=C4)N)C(=O)O.[Cl-]
898,898,888.0,rhodamine-123,aromatic salt (chloride),380.82,,235,,,COC(=O)C1=CC=CC=C1C2=C3C=CC(=N)C=C3OC4=C2C=CC(=C4)N.Cl
899,899,889.0,D-(-)-ribose,carbohydrate,150.13,457,113,,,
900,900,890.0,rose bengal,phenolic dye,1017.64,,300,,,
901,901,891.0,saccharin,heterocyclic o -sulfobenzimide,172.67,,227.5,0.828,1.5878,C1=CC=C2C(=C1)C(=O)NS2(=O)=O
902,902,892.0,safrole,benzodioxoles,162.19,233,11.2,1.095,1.537,C=CCC1=CC2=C(C=C1)OCO2
903,903,893.0,salicylic acid,carboxylic acid (arom.),138.11,211,159.5,1.443,1.5204,C1=CC=C(C(=C1)C(=O)O)O
904,904,894.0,L-serine,amino acid,105.1,259,228 (d),1.53,,C(C(C(=O)O)N)O
905,905,895.0,stearic acid,carboxylic acid,284.49,361,69.5,1.017,1.4299,CCCCCCCCCCCCCCCCCC(=O)O
906,906,896.0,cis-stilbene,alkene (arom.),180.25,83,6,1.011,1.622,C1=CC=C(C=C1)C=CC2=CC=CC=C2
907,907,897.0,trans-stilbene,alkene (arom.),180.25,306 (0.98 atm>),124,0.971,1.6230,C1=CC=C(C=C1)C=CC2=CC=CC=C2
908,908,898.0,strychnine,indole alkaloid,334.42,550,268,1.36,,C1CN2CC3=CCOC4CC(=O)N5C6C4C3CC2C61C7=CC=CC=C75
909,909,899.0,styrene,alkene (arom.),114.18,145.5,-31,0.909,1.546,C=CC1=CC=CC=C1
910,910,900.0,succinic acid,carboxylic acid,118.1,235,185,1.19,1.4002,C(CC(=O)O)C(=O)O
911,911,901.0,sucrose,carbohydrate,342.3,,170,1.59,1.5376,C(C1C(C(C(C(O1)OC2(C(C(C(O2)CO)O)O)CO)O)O)O)O
912,912,902.0,sulfanilimide,sulfonamide,172.2,401,165,1.46,1.5897,
913,913,903.0,d-tartaric acid,carboxylic acid,150.1,356,173,1.76,1.4955,C(C(C(=O)O)O)(C(=O)O)O
914,914,904.0,l-tartaric acid,carboxylic acid,150.1,399,171,1.759,1.464,C(C(C(=O)O)O)(C(=O)O)O
915,915,905.0,terephthalic aicid,carboxylic acid (arom.),166.12,392,300,1.472,,
916,916,906.0,o-terphenyl,aromatic hydrocarbon,230.31,337,57.5,1.16,1.6421,C1=CC=C(C=C1)C2=CC=CC=C2C3=CC=CC=C3
917,917,907.0,m-terphenyl,aromatic hydrocarbon,230.31,379,86,1.195,1.65,C1=CC=C(C=C1)C2=CC(=CC=C2)C3=CC=CC=C3
918,918,908.0,p-terphenyl,aromatic hydrocarbon,230.31,389,212.5,1.234,1.65,C1=CC=C(C=C1)C2=CC=C(C=C2)C3=CC=CC=C3
919,919,909.0,a-terpinene,diene,136.23,175,61,0.837,1.478,CC1=CC=C(CC1)C(C)C
920,920,910.0,(-)-a-terpineol,alcohol,154.25,224,18,0.937,1.484,CC1=CCC(CC1)C(C)(C)O
921,921,911.0,b-terpineol,alcohol,154.25,210,32.5,0.917,1.4747,CC(=C)C1CCC(CC1)(C)O
922,922,912.0,tetrazole,"amine, nitrogen heterocycle",247.53,220,156,1.529,1.348,C1=NNN=N1
923,923,913.0,4-t-butylbenzoic acid,carboxylic acid (arom.),178.23,283,163.5,1.045,,CC(C)(C)C1=CC=C(C=C1)C(=O)O
924,924,914.0,di-t-butyl ether,ether,130.23,101,-61.1,0.766,1.4331,CC(C)(C)OC(C)(C)C
925,925,915.0,testosterone,steroid,288.42,433,155,1.1,1.560,CC12CCC3C(C1CCC2O)CCC4=CC(=O)CCC34C
926,926,916.0,"1,1,1,2-tetrachloroethane",alkyl halide,167.87,138,-68.1,1.598,1.4821,C(C(Cl)(Cl)Cl)Cl
927,927,917.0,tetrachloroethylene,alkenyl halide,165.82,121,-22,1.623,1.505,C(=C(Cl)Cl)(Cl)Cl
928,928,918.0,tetrahydrofuran,ether,72.11,66,-108,0.889,1.407,C1CCOC1
929,929,919.0,tetramethylsilane,organosilicon,88.22,27,-99,0.648,1.358,C[Si](C)(C)C
930,930,920.0,tetraphenlycyclopentadieneone,ketone (arom.),384.47,,218.5,1.233,,
931,931,921.0,thiophene,sulfur heterocycle,84.14,84,-38,1.051,1.529,C1=CSC=C1
932,932,922.0,L-threonine,amino acid,119.19,260,136,1.464,,CC(C(C(=O)O)N)O
933,933,923.0,thujone,ketone (bicyclic),152.24,,170,0.925,1.455,CC1C2CC2(CC1=O)C(C)C
934,934,924.0,thymidine,pyrimidine nucleoside,242.23,,183,0.993,,CC1=CN(C(=O)NC1=O)C2CC(C(O2)CO)O
935,935,925.0,thymine,pyrimidine,126.11,389,320,1.454,,CC1=CNC(=O)NC1=O
936,936,926.0,thymol,phenol,150.21,232,49.5,0.965,1.5227,CC1=CC(=C(C=C1)C(C)C)O
937,937,927.0,o-toluamide,amide (arom.),135.17,254,141.5,1.086,,CC1=CC=CC=C1C(=O)N
938,938,928.0,m-toluamide,amide (arom.),135.17,,95,,,CC1=CC(=CC=C1)C(=O)N
939,939,929.0,p-toluamide,amide (arom.),135.17,275,162,,,CC1=CC=C(C=C1)C(=O)N
940,940,930.0,toluene,aromatic hyrdrocarbon,92.14,110.5,-93,0.865,1.496,CC1=CC=CC=C1
941,941,931.0,o-toluic acid,carboxylic acid (arom.),136.13,285.5,103,1.062,1.5067,CC1=CC=CC=C1C(=O)O
942,942,932.0,m-toluic acid,carboxylic acid (arom.),136.13,263,110,1.054,1.5037,CC1=CC(=CC=C1)C(=O)O
943,943,933.0,p-toluic acid,carboxylic acid (arom.),136.13,274.5,178.5,1.06,1.5086,CC1=CC=C(C=C1)C(=O)O
944,944,934.0,o-toluidine,amine (arom.),107.18,199.5,-28,1.004,1.572,CC1=CC=CC=C1N
945,945,935.0,m-toluidine,amine (arom.),107.18,203.5,-30,0.999,1.567,CC1=CC(=CC=C1)N
946,946,936.0,p-toluidine,amine (arom.),107.18,200,43.5,0.973,1.5534,CC1=CC=C(C=C1)N
947,947,937.0,o-tolunitrile,nitrile,117.13,205,-12,0.989,1.528,CC1=CC=CC=C1C#N
948,948,938.0,m-tolunitrile,nitrile,117.13,100,-23,0.976,1.525,CC1=CC(=CC=C1)C#N
949,949,939.0,p-tolunitrile,nitrile,117.13,104.5,27,0.981,1.5281,CC1=CC=C(C=C1)C#N
950,950,940.0,tributylamine,amine,185.33,216,-70,0.778,1.428,CCCCN(CCCC)CCCC
951,951,941.0,trichloroacetic acid,carboxylic acid,163.39,196,58,1.62,1.62,C(=O)(C(Cl)(Cl)Cl)O
952,952,942.0,"2,4,6-trichloroaniline",amine (arom.),196.48,262,78.5,,,C1=C(C=C(C(=C1Cl)N)Cl)Cl
953,953,943.0,"2,4,6-trichloroanisole",ether (arom.),211.49,132,61,1.64,,COC1=C(C=C(C=C1Cl)Cl)Cl
954,954,944.0,"2,4,6-trichlorobenzoic acid",carboxylic acid (arom.),225.46,,162,,,C1=C(C=C(C(=C1Cl)C(=O)O)Cl)Cl
955,955,945.0,"1,1,1-trichloroethane",alkyl halide,133.41,75,-35,1.336,1.437,CC(Cl)(Cl)Cl
956,956,946.0,"1,1,2-trichloroethane",alkyl halide,133.41,112.5,-35.5,1.435,1.471,C(C(Cl)Cl)Cl
957,957,947.0,trichloroethylene,alkenyl halide,131.39,86.7,-84.8,1.463,1.476,C(=C(Cl)Cl)Cl
958,958,948.0,"2,4,6-trichlorophenol",phenol,197.43,246,65,1.49,,C1=C(C=C(C(=C1Cl)O)Cl)Cl
959,959,949.0,triethanolamine,amine,149.19,191.5,19.4,1.124,1.485,C(CO)N(CCO)CCO
960,960,950.0,triethylamine,amine,101.19,88.5,-115,0.726,1.401,CCN(CC)CC
961,961,951.0,triethyleneglycol,diol,150.19,285,-7,1.125,1.4529,C(COCCOCCO)O
962,962,952.0,trifluoroacetic acid,carboxylic acid,114.01,71.8,-15,1.535,1.28,C(=O)(C(F)(F)F)O
963,963,953.0,trifluoromethane,alkyl halide,70.01,-84,-160,1.246,1.215,C(F)(F)F
964,964,954.0,4-(trifluoromethyl)-benzophenone,ketone (arom.),250.22,,115,,,
965,965,955.0,"1,3,5-trimethoxybenzene",ether (arom.),168.2,255,51.5,,,COC1=CC(=CC(=C1)OC)OC
966,966,956.0,"2,4,6-trimethylacetophenone",ketone (arom.),162.21,236,,0.975,1.517,CC1=CC(=C(C(=C1)C)C(=O)C)C
967,967,957.0,trimethylamine,amine,59.11,3.5,-117,0.63,,CN(C)C
968,968,958.0,"2,4,6-trimethylaniline",amine (arom.),135.2,109,-5,0.963,1.551,CC1=CC(=C(C(=C1)C)N)C
969,969,959.0,"2,4,6-trimethylbenzoic acid",carboxylic acid (arom.),164.2,298,153.5,,,CC1=CC(=C(C(=C1)C)C(=O)O)C
970,970,960.0,"2,4,4-trimethyl-1-pentene",alkene,112.22,101.5,-93.5,0.708,1.408,CC(=C)CC(C)(C)C
971,971,961.0,"2,4,4-trimethyl-2-pentene",alkene,112.22,104,-106.2,0.72,1.416,CC(=CC(C)(C)C)C
972,972,962.0,trinitrobenzene,nitro (arom.),213.11,315,110,1.69,,C1=C(C=C(C=C1[N+](=O)[O-])[N+](=O)[O-])[N+](=O)[O-]
973,973,963.0,"2,4,6-trinitrotoluene",nitro (arom.),227.13,339,80.9,1.654,,CC1=C(C=C(C=C1[N+](=O)[O-])[N+](=O)[O-])[N+](=O)[O-]
974,974,964.0,"1,3,5-trioxane",heterocycle,90.08,114.5,60.5,1.17,,C1OCOCO1
975,975,965.0,triphenylacetic acid,carbocylic acid (arom.),288.33,437,271.5,1.27,,C1=CC=C(C=C1)C(C2=CC=CC=C2)(C3=CC=CC=C3)C(=O)O
976,976,966.0,triphenylamine,amine (arom.),245.33,302,51.5,1.165,1.6189,C1=CC=C(C=C1)N(C2=CC=CC=C2)C3=CC=CC=C3
977,977,967.0,triphenylene,aromatic hydrocarbon,228.3,438,196.5,1.302,,C1=CC=C2C(=C1)C3=CC=CC=C3C4=CC=CC=C24
978,978,968.0,triphenylethylene,alkene (arom.),256.33,358,70,1.037,1.6292,C1=CC=C(C=C1)C=C(C2=CC=CC=C2)C3=CC=CC=C3
979,979,969.0,triphenylmethane,aromatic hydrocarbon,244.32,358.5,93,1.014,1.5955,C1=CC=C(C=C1)C(C2=CC=CC=C2)C3=CC=CC=C3
980,980,970.0,triphenylmethanol,alcohol (arom.),260.32,360,161.5,1.188,,C1=CC=C(C=C1)C(C2=CC=CC=C2)(C3=CC=CC=C3)O
981,981,971.0,tripropylamine,amine,143.29,156.5,-93.5,0.753,1.416,CCCN(CCC)CCC
982,982,972.0,tryptycene,aromatic hydrocarbon,254.33,,253,1.227,,C1=CC=C2C3C4=CC=CC=C4C(C2=C1)C5=CC=CC=C35
983,983,973.0,tristearin,ester,891.5,813,73,1.0577,1.4477,CCCCCCCCCCCCCCCCCC(=O)OCC(COC(=O)CCCCCCCCCCCCCCCCC)OC(=O)CCCCCCCCCCCCCCCCC
984,984,974.0,L-(-)-tryptophan,amino acid,204.23,,290,1.34,,C1=CC=C2C(=C1)C(=CN2)CC(C(=O)O)N
985,985,975.0,L-tryrosine,amino acid,180.19,351,300,1.41,,
986,986,976.0,undecane,alkane,156.31,196,-26,0.74,1.417,CCCCCCCCCCC
987,987,977.0,uracil,pyrimidine,112.09,379,300,0.9917,,C1=CNC(=O)NC1=O
988,988,978.0,urea,amide,60.06,332.5,135,1.335,1.40,C(=O)(N)N
989,989,979.0,valeraldehyde,aldehyde,86.13,102.5,92,0.81,1.394,CCCCC=O
990,990,980.0,valerophenone,ketone (arom.),162.23,244.5,-9,0.975,1.514,CCCCC(=O)C1=CC=CC=C1
991,991,981.0,L-valine,amino acid,117.15,217,86,1.284,,CC(C)C(C(=O)O)N
992,992,982.0,vanillin,aldehyde (phenolic),152.15,170,82,1.056,1.555,COC1=C(C=CC(=C1)C=O)O
993,993,983.0,o-vanillin,aldehyde (phenolic),152.15,265.5,41,1.204,1.5632,COC1=CC=CC(=C1O)C=O
994,994,984.0,vinyl bromide,alkenyl halide,106.95,15.8,-139.5,0.927,1.4462,C=CBr
995,995,985.0,vinyl chloride,alkenyl halide,62.5,-13.4,-153.8,0.911,1.3700,C=CCl
996,996,986.0,vitamin A,retinoid,286.42,421,66,,1.641,CC1=C(C(CCC1)(C)C)C=CC(=CC=CC(=CCO)C)C
997,997,987.0,vitamin B1,heterocycle (arom.),300.8,,129,1.43,,CC1=C(SC=[N+]1CC2=CN=C(N=C2N)C)CCO.[Cl-]
998,998,88.0,vitamin B12,porphyrin coordination cmpd. with Co,1359.4,,>300,,,CC1=CC2=C(C=C1C)N(C=N2)C3C(C(C(O3)CO)OP(=O)([O-])OC(C)CNC(=O)CCC4(C(C5C6(C(C(C(=C(C7=NC(=CC8=NC(=C(C4=N5)C)C(C8(C)C)CCC(=O)N)C(C7(C)CC(=O)N)CCC(=O)N)C)[N-]6)CCC(=O)N)(C)CC(=O)N)C)CC(=O)N)C)O.[C-]#N.[Co+3]
999,999,989.0,vitamin C,vitamin,176.12,553,192,1.694,,C(C(C1C(=C(C(=O)O1)O)O)O)O
1000,1000,990.0,vitamin D2,secosteroids,396.66,,116,,,CC(C)C(C)C=CC(C)C1CCC2C1(CCCC2=CC=C3CC(CCC3=C)O)C
1001,1001,991.0,vitamin E,phenol,430.72,486,3,0.95,1.495,CC1=C(C2=C(CCC(O2)(C)CCCC(C)CCCC(C)CCCC(C)C)C(=C1O)C)C
1002,1002,992.0,vitamin K,ketone (arom.),450.70,142.5,-20,0.967,1.5263,CC1=C(C(=O)C2=CC=CC=C2C1=O)CC=C(C)CCCC(C)CCCC(C)CCCC(C)C
1003,1003,993.0,warfarin,homoisoflavone,308.33,515,163,,,CC(=O)CC(C1=CC=CC=C1)C2=C(C3=CC=CC=C3OC2=O)O
1004,1004,994.0,water,inorganic,18.05,100,0,0.998,1.333,O
1005,1005,995.0,xanthene,aromatic,182.22,311,101,,,C1C2=CC=CC=C2OC3=CC=CC=C31
1006,1006,996.0,xanthone,ketone (arom.),196.21,349,174,,,C1=CC=C2C(=C1)C(=O)C3=CC=CC=C3O2
1007,1007,997.0,o-xylene,aromatic hydrocarbon,106.16,144,-24.5,0.879,1.505,CC1=CC=CC=C1C
1008,1008,998.0,m-xylene,aromatic hydrocarbon,106.16,138.5,-48,0.868,1.497,CC1=CC(=CC=C1)C
1009,1009,999.0,p-xylene,aromatic hydrocarbon,106.16,138,12.5,0.861,1.495,CC1=CC=C(C=C1)C
1010,1010,1000.0,D-xylose,carbohydrate,150.13,,110,1.545,,C1C(C(C(C(O1)O)O)O)O
1011,1011,1001.0,Compound,Functional Group,Molecular Mass,bp,mp,density,refractive index,
